z6-14355,Port7,Port7,Port8,Port8
# Records: 566,Battery,Battery,Barometer,Barometer
Timestamps,% Battery Percent, mV Battery Voltage, kPa Reference Pressure, degree_C Logger Temperature
07/15/2022 03:15:00 PM,91,7732,101.55,22.6
07/15/2022 03:30:00 PM,94,7756,101.53,24.3
07/15/2022 03:45:00 PM,97,7783,101.51,26.0
07/15/2022 04:00:00 PM,100,7808,101.48,28.4
07/15/2022 12:30:00 PM,100,7828,101.46,30.7
07/15/2022 12:45:00 PM,100,7853,101.46,33.4
07/15/2022 01:00:00 PM,100,7874,101.45,35.6
07/15/2022 01:15:00 PM,100,7896,101.45,37.1
07/15/2022 01:30:00 PM,100,7910,101.44,38.0
07/15/2022 01:45:00 PM,100,7925,101.44,37.9
07/15/2022 02:00:00 PM,100,7946,101.44,37.8
07/15/2022 02:15:00 PM,100,7962,101.43,39.2
07/15/2022 02:30:00 PM,100,7972,101.43,40.4
07/15/2022 02:45:00 PM,100,7984,101.43,41.4
07/15/2022 03:00:00 PM,100,7990,101.43,40.0
07/15/2022 03:15:00 PM,100,7985,101.42,39.0
07/15/2022 03:30:00 PM,100,7982,101.42,36.2
07/15/2022 03:45:00 PM,100,7999,101.41,35.4
07/15/2022 04:00:00 PM,100,7997,101.41,35.8
07/15/2022 04:15:00 PM,100,7991,101.41,33.8
07/15/2022 04:30:00 PM,100,7995,101.39,32.3
07/15/2022 04:45:00 PM,100,8000,101.39,31.6
07/15/2022 05:00:00 PM,100,8002,101.39,31.6
07/15/2022 05:15:00 PM,100,7998,101.39,30.8
07/15/2022 05:30:00 PM,100,8001,101.38,29.6
07/15/2022 05:45:00 PM,100,8007,101.36,29.0
07/15/2022 06:00:00 PM,100,8017,101.36,30.1
07/15/2022 06:15:00 PM,100,8019,101.37,31.2
07/15/2022 06:30:00 PM,100,8020,101.38,31.5
07/15/2022 06:45:00 PM,100,8020,101.37,31.0
07/15/2022 07:00:00 PM,100,8017,101.35,30.3
07/15/2022 07:15:00 PM,100,8014,101.35,29.4
07/15/2022 07:30:00 PM,100,8011,101.35,28.5
07/15/2022 07:45:00 PM,100,8007,101.35,27.3
07/15/2022 08:00:00 PM,100,8006,101.36,25.9
07/15/2022 08:15:00 PM,100,8003,101.35,24.4
07/15/2022 08:30:00 PM,100,8000,101.35,22.9
07/15/2022 08:45:00 PM,100,8003,101.35,21.5
07/15/2022 09:00:00 PM,100,7998,101.36,20.2
07/15/2022 09:15:00 PM,100,7998,101.37,19.1
07/15/2022 09:30:00 PM,100,7992,101.39,18.2
07/15/2022 09:45:00 PM,100,7994,101.4,17.5
07/15/2022 10:00:00 PM,100,7994,101.41,16.9
07/15/2022 10:15:00 PM,100,7992,101.43,16.4
07/15/2022 10:30:00 PM,100,7991,101.44,16.0
07/15/2022 10:45:00 PM,100,7988,101.44,15.7
07/15/2022 11:00:00 PM,100,7990,101.43,15.4
07/15/2022 11:15:00 PM,100,7987,101.44,15.1
07/15/2022 11:30:00 PM,100,7990,101.45,14.9
07/15/2022 11:45:00 PM,100,7988,101.47,14.8
07/16/2022 12:00:00 AM,100,7988,101.47,14.6
07/16/2022 12:15:00 AM,100,7984,101.48,14.6
07/16/2022 12:30:00 AM,100,7984,101.48,14.7
07/16/2022 12:45:00 AM,100,7985,101.47,14.8
07/16/2022 01:00:00 AM,100,7985,101.48,14.8
07/16/2022 01:15:00 AM,100,7986,101.47,14.9
07/16/2022 01:30:00 AM,100,7983,101.46,14.9
07/16/2022 01:45:00 AM,100,7987,101.45,14.6
07/16/2022 02:00:00 AM,100,7983,101.45,14.3
07/16/2022 02:15:00 AM,100,7985,101.45,14.1
07/16/2022 02:30:00 AM,100,7984,101.46,13.9
07/16/2022 02:45:00 AM,100,7985,101.46,13.7
07/16/2022 03:00:00 AM,100,7984,101.46,13.6
07/16/2022 03:15:00 AM,100,7984,101.46,13.5
07/16/2022 03:30:00 AM,100,7983,101.46,13.4
07/16/2022 03:45:00 AM,100,7981,101.46,13.3
07/16/2022 04:00:00 AM,100,7984,101.45,13.2
07/16/2022 04:15:00 AM,100,7984,101.44,13.0
07/16/2022 04:30:00 AM,100,7981,101.45,13.0
07/16/2022 04:45:00 AM,100,7979,101.46,12.8
07/16/2022 05:00:00 AM,100,7982,101.45,12.6
07/16/2022 05:15:00 AM,100,7979,101.46,12.4
07/16/2022 05:30:00 AM,100,7981,101.46,12.4
07/16/2022 05:45:00 AM,100,7979,101.46,12.3
07/16/2022 06:00:00 AM,100,7979,101.45,12.4
07/16/2022 06:15:00 AM,100,7978,101.45,12.6
07/16/2022 06:30:00 AM,100,7975,101.44,12.8
07/16/2022 06:45:00 AM,100,7980,101.45,13.1
07/16/2022 07:00:00 AM,100,7979,101.46,13.5
07/16/2022 07:15:00 AM,100,7982,101.45,14.0
07/16/2022 07:30:00 AM,100,7979,101.46,14.6
07/16/2022 07:45:00 AM,100,7982,101.46,15.2
07/16/2022 08:00:00 AM,100,7986,101.45,15.9
07/16/2022 08:15:00 AM,100,7985,101.45,16.5
07/16/2022 08:30:00 AM,100,7988,101.44,17.1
07/16/2022 08:45:00 AM,100,7988,101.42,17.7
07/16/2022 09:00:00 AM,100,7992,101.42,18.3
07/16/2022 09:15:00 AM,100,7994,101.39,18.8
07/16/2022 09:30:00 AM,100,8000,101.38,19.3
07/16/2022 09:45:00 AM,100,7999,101.37,19.8
07/16/2022 10:00:00 AM,100,8005,101.35,20.4
07/16/2022 10:15:00 AM,100,8007,101.34,21.1
07/16/2022 10:30:00 AM,100,8009,101.33,21.8
07/16/2022 10:45:00 AM,100,8014,101.32,22.7
07/16/2022 11:00:00 AM,100,8017,101.3,23.6
07/16/2022 11:15:00 AM,100,8020,101.29,24.4
07/16/2022 11:30:00 AM,100,8025,101.28,25.5
07/16/2022 11:45:00 AM,100,8039,101.26,26.8
07/16/2022 12:00:00 PM,100,8045,101.25,28.2
07/16/2022 12:15:00 PM,100,8058,101.24,29.4
07/16/2022 12:30:00 PM,100,8065,101.22,31.3
07/16/2022 12:45:00 PM,100,8070,101.2,32.6
07/16/2022 01:00:00 PM,100,8077,101.18,33.1
07/16/2022 01:15:00 PM,100,8086,101.16,34.1
07/16/2022 01:30:00 PM,100,8095,101.14,35.8
07/16/2022 01:45:00 PM,100,8105,101.11,37.7
07/16/2022 02:00:00 PM,100,8106,101.1,39.2
07/16/2022 02:15:00 PM,100,8106,101.09,38.9
07/16/2022 02:30:00 PM,100,8096,101.08,37.6
07/16/2022 02:45:00 PM,100,8099,101.08,35.2
07/16/2022 03:00:00 PM,100,8112,101.06,35.1
07/16/2022 03:15:00 PM,100,8113,101.05,36.5
07/16/2022 03:30:00 PM,100,8121,101.03,37.0
07/16/2022 03:45:00 PM,100,8118,101.01,37.4
07/16/2022 04:00:00 PM,100,8110,101.01,35.6
07/16/2022 04:15:00 PM,100,8108,100.99,33.2
07/16/2022 04:30:00 PM,100,8104,100.97,31.8
07/16/2022 04:45:00 PM,100,8099,100.95,30.8
07/16/2022 05:00:00 PM,100,8096,100.94,29.8
07/16/2022 05:15:00 PM,100,8104,100.91,29.5
07/16/2022 05:30:00 PM,100,8108,100.88,30.8
07/16/2022 05:45:00 PM,100,8115,100.86,32.3
07/16/2022 06:00:00 PM,100,8116,100.84,32.3
07/16/2022 06:15:00 PM,100,8117,100.83,31.7
07/16/2022 06:30:00 PM,100,8115,100.82,31.8
07/16/2022 06:45:00 PM,100,8112,100.82,30.9
07/16/2022 07:00:00 PM,100,8110,100.82,30.3
07/16/2022 07:15:00 PM,100,8108,100.83,29.7
07/16/2022 07:30:00 PM,100,8105,100.84,28.8
07/16/2022 07:45:00 PM,100,8102,100.84,27.6
07/16/2022 08:00:00 PM,100,8098,100.85,26.1
07/16/2022 08:15:00 PM,100,8098,100.85,24.9
07/16/2022 08:30:00 PM,100,8095,100.87,23.9
07/16/2022 08:45:00 PM,100,8094,100.88,22.9
07/16/2022 09:00:00 PM,100,8092,100.9,22.1
07/16/2022 09:15:00 PM,100,8091,100.93,21.5
07/16/2022 09:30:00 PM,100,8088,100.95,21.0
07/16/2022 09:45:00 PM,100,8086,100.97,20.6
07/16/2022 10:00:00 PM,100,8085,101.0,20.0
07/16/2022 10:15:00 PM,100,8083,101.01,19.6
07/16/2022 10:30:00 PM,100,8082,101.02,19.1
07/16/2022 10:45:00 PM,100,8082,101.02,18.7
07/16/2022 11:00:00 PM,100,8083,101.02,18.2
07/16/2022 11:15:00 PM,100,8081,101.02,17.9
07/16/2022 11:30:00 PM,100,8084,101.02,17.7
07/16/2022 11:45:00 PM,100,8081,101.02,17.5
07/17/2022 12:00:00 AM,100,8080,101.03,17.3
07/17/2022 12:15:00 AM,100,8073,101.04,17.3
07/17/2022 12:30:00 AM,100,8072,101.04,17.1
07/17/2022 12:45:00 AM,100,8076,101.04,16.9
07/17/2022 01:00:00 AM,100,8075,101.04,16.7
07/17/2022 01:15:00 AM,100,8076,101.05,16.5
07/17/2022 01:30:00 AM,100,8075,101.05,16.3
07/17/2022 01:45:00 AM,100,8074,101.04,16.1
07/17/2022 02:00:00 AM,100,8074,101.03,15.9
07/17/2022 02:15:00 AM,100,8072,101.02,15.7
07/17/2022 02:30:00 AM,100,8073,101.02,15.6
07/17/2022 02:45:00 AM,100,8070,101.03,15.4
07/17/2022 03:00:00 AM,100,8072,101.04,15.4
07/17/2022 03:15:00 AM,100,8072,101.04,15.3
07/17/2022 03:30:00 AM,100,8072,101.03,15.2
07/17/2022 03:45:00 AM,100,8072,101.03,15.0
07/17/2022 04:00:00 AM,100,8072,101.03,15.0
07/17/2022 04:15:00 AM,100,8071,101.03,14.8
07/17/2022 04:30:00 AM,100,8071,101.02,14.6
07/17/2022 04:45:00 AM,100,8069,101.02,14.4
07/17/2022 05:00:00 AM,100,8070,101.02,14.3
07/17/2022 05:15:00 AM,100,8067,101.03,14.2
07/17/2022 05:30:00 AM,100,8068,101.04,14.2
07/17/2022 05:45:00 AM,100,8067,101.04,14.1
07/17/2022 06:00:00 AM,100,8067,101.04,14.0
07/17/2022 06:15:00 AM,100,8067,101.05,14.0
07/17/2022 06:30:00 AM,100,8067,101.07,14.1
07/17/2022 06:45:00 AM,100,8064,101.08,14.3
07/17/2022 07:00:00 AM,100,8066,101.1,14.6
07/17/2022 07:15:00 AM,100,8065,101.1,15.0
07/17/2022 07:30:00 AM,100,8067,101.1,15.5
07/17/2022 07:45:00 AM,100,8065,101.1,16.2
07/17/2022 08:00:00 AM,100,8067,101.11,17.0
07/17/2022 08:15:00 AM,100,8067,101.12,17.8
07/17/2022 08:30:00 AM,100,8067,101.11,18.5
07/17/2022 08:45:00 AM,100,8067,101.1,19.2
07/17/2022 09:00:00 AM,100,8068,101.1,19.8
07/17/2022 09:15:00 AM,100,8070,101.09,20.3
07/17/2022 09:30:00 AM,100,8067,101.09,20.8
07/17/2022 09:45:00 AM,100,8069,101.08,21.1
07/17/2022 10:00:00 AM,100,8070,101.08,21.4
07/17/2022 10:15:00 AM,100,8070,101.07,21.6
07/17/2022 10:30:00 AM,100,8071,101.05,21.9
07/17/2022 10:45:00 AM,100,8071,101.05,22.4
07/17/2022 11:00:00 AM,100,8076,101.04,22.8
07/17/2022 11:15:00 AM,100,8073,101.03,23.3
07/17/2022 11:30:00 AM,100,8082,101.01,24.3
07/17/2022 11:45:00 AM,100,8099,101.01,25.8
07/17/2022 12:00:00 PM,100,8113,101.0,27.8
07/17/2022 12:15:00 PM,100,8129,100.99,30.5
07/17/2022 12:30:00 PM,100,8141,100.98,33.7
07/17/2022 12:45:00 PM,100,8151,100.97,36.1
07/17/2022 01:00:00 PM,100,8159,100.96,37.8
07/17/2022 01:15:00 PM,100,8165,100.96,39.4
07/17/2022 01:30:00 PM,100,8168,100.95,40.9
07/17/2022 01:45:00 PM,100,8172,100.93,41.7
07/17/2022 02:00:00 PM,100,8175,100.93,42.3
07/17/2022 02:15:00 PM,100,8173,100.92,42.2
07/17/2022 02:30:00 PM,100,8177,100.92,43.1
07/17/2022 02:45:00 PM,100,8176,100.92,44.3
07/17/2022 03:00:00 PM,100,8178,100.91,45.0
07/17/2022 03:15:00 PM,100,8174,100.89,45.4
07/17/2022 03:30:00 PM,100,8178,100.89,45.1
07/17/2022 03:45:00 PM,100,8175,100.88,45.4
07/17/2022 04:00:00 PM,100,8175,100.86,45.4
07/17/2022 04:15:00 PM,100,8169,100.85,44.9
07/17/2022 04:30:00 PM,100,8172,100.85,44.5
07/17/2022 04:45:00 PM,100,8171,100.84,43.9
07/17/2022 05:00:00 PM,100,8169,100.85,43.8
07/17/2022 05:15:00 PM,100,8168,100.84,43.3
07/17/2022 05:30:00 PM,100,8167,100.81,42.5
07/17/2022 05:45:00 PM,100,8162,100.8,41.1
07/17/2022 06:00:00 PM,100,8160,100.78,39.8
07/17/2022 06:15:00 PM,100,8157,100.78,38.4
07/17/2022 06:30:00 PM,100,8150,100.77,37.0
07/17/2022 06:45:00 PM,100,8148,100.76,35.6
07/17/2022 07:00:00 PM,100,8139,100.75,34.3
07/17/2022 07:15:00 PM,100,8134,100.76,32.8
07/17/2022 07:30:00 PM,100,8131,100.76,31.4
07/17/2022 07:45:00 PM,100,8126,100.76,30.1
07/17/2022 08:00:00 PM,100,8123,100.76,28.7
07/17/2022 08:15:00 PM,100,8121,100.77,27.2
07/17/2022 08:30:00 PM,100,8121,100.79,25.8
07/17/2022 08:45:00 PM,100,8113,100.8,24.4
07/17/2022 09:00:00 PM,100,8115,100.8,23.2
07/17/2022 09:15:00 PM,100,8111,100.81,22.1
07/17/2022 09:30:00 PM,100,8109,100.83,21.2
07/17/2022 09:45:00 PM,100,8105,100.85,20.4
07/17/2022 10:00:00 PM,100,8108,100.85,19.9
07/17/2022 10:15:00 PM,100,8106,100.86,19.5
07/17/2022 10:30:00 PM,100,8104,100.87,19.0
07/17/2022 10:45:00 PM,100,8105,100.88,18.6
07/17/2022 11:00:00 PM,100,8100,100.89,18.3
07/17/2022 11:15:00 PM,100,8101,100.91,18.0
07/17/2022 11:30:00 PM,100,8100,100.91,17.8
07/17/2022 11:45:00 PM,100,8100,100.91,17.5
07/18/2022 12:00:00 AM,100,8101,100.91,17.3
07/18/2022 12:15:00 AM,100,8095,100.92,17.1
07/18/2022 12:30:00 AM,100,8097,100.92,16.9
07/18/2022 12:45:00 AM,100,8092,100.92,16.7
07/18/2022 01:00:00 AM,100,8093,100.92,16.5
07/18/2022 01:15:00 AM,100,8094,100.91,16.4
07/18/2022 01:30:00 AM,100,8092,100.91,16.3
07/18/2022 01:45:00 AM,100,8090,100.91,16.2
07/18/2022 02:00:00 AM,100,8093,100.91,16.2
07/18/2022 02:15:00 AM,100,8093,100.9,16.1
07/18/2022 02:30:00 AM,100,8090,100.9,16.1
07/18/2022 02:45:00 AM,100,8093,100.9,16.2
07/18/2022 03:00:00 AM,100,8092,100.88,16.2
07/18/2022 03:15:00 AM,100,8093,100.88,16.1
07/18/2022 03:30:00 AM,100,8093,100.89,16.2
07/18/2022 03:45:00 AM,100,8092,100.87,16.2
07/18/2022 04:00:00 AM,100,8089,100.86,16.2
07/18/2022 04:15:00 AM,100,8093,100.86,16.2
07/18/2022 04:30:00 AM,100,8090,100.86,16.2
07/18/2022 04:45:00 AM,100,8086,100.86,16.2
07/18/2022 05:00:00 AM,100,8088,100.86,16.3
07/18/2022 05:15:00 AM,100,8084,100.86,16.3
07/18/2022 05:30:00 AM,100,8086,100.86,16.4
07/18/2022 05:45:00 AM,100,8089,100.86,16.6
07/18/2022 06:00:00 AM,100,8084,100.86,16.8
07/18/2022 06:15:00 AM,100,8086,100.86,17.0
07/18/2022 06:30:00 AM,100,8087,100.87,17.2
07/18/2022 06:45:00 AM,100,8085,100.87,17.6
07/18/2022 07:00:00 AM,100,8082,100.86,18.0
07/18/2022 07:15:00 AM,100,8085,100.85,18.4
07/18/2022 07:30:00 AM,100,8085,100.83,18.9
07/18/2022 07:45:00 AM,100,8087,100.84,19.6
07/18/2022 08:00:00 AM,100,8086,100.83,20.3
07/18/2022 08:15:00 AM,100,8089,100.81,20.9
07/18/2022 08:30:00 AM,100,8091,100.8,21.5
07/18/2022 08:45:00 AM,100,8091,100.79,21.9
07/18/2022 09:00:00 AM,100,8091,100.78,22.2
07/18/2022 09:15:00 AM,100,8094,100.75,22.6
07/18/2022 09:30:00 AM,100,8096,100.74,22.6
07/18/2022 09:45:00 AM,100,8095,100.74,22.8
07/18/2022 10:00:00 AM,100,8099,100.72,23.4
07/18/2022 10:15:00 AM,100,8096,100.7,23.9
07/18/2022 10:30:00 AM,100,8098,100.69,24.1
07/18/2022 10:45:00 AM,100,8105,100.68,24.4
07/18/2022 11:00:00 AM,100,8102,100.67,24.6
07/18/2022 11:15:00 AM,100,8101,100.67,24.3
07/18/2022 11:30:00 AM,100,8099,100.67,24.0
07/18/2022 11:45:00 AM,100,8101,100.66,23.8
07/18/2022 12:00:00 PM,100,8101,100.64,23.6
07/18/2022 12:15:00 PM,100,8097,100.62,23.5
07/18/2022 12:30:00 PM,100,8096,100.59,23.4
07/18/2022 12:45:00 PM,100,8097,100.57,23.5
07/18/2022 01:00:00 PM,100,8098,100.55,23.5
07/18/2022 01:15:00 PM,100,8099,100.51,23.4
07/18/2022 01:30:00 PM,100,8095,100.46,23.5
07/18/2022 01:45:00 PM,100,8094,100.41,23.7
07/18/2022 02:00:00 PM,100,8095,100.36,23.6
07/18/2022 02:15:00 PM,100,8098,100.3,23.5
07/18/2022 02:30:00 PM,100,8098,100.25,23.6
07/18/2022 02:45:00 PM,100,8099,100.22,23.8
07/18/2022 03:00:00 PM,100,8100,100.21,23.8
07/18/2022 03:15:00 PM,100,8105,100.18,23.9
07/18/2022 03:30:00 PM,100,8107,100.17,24.3
07/18/2022 03:45:00 PM,100,8104,100.16,24.6
07/18/2022 04:00:00 PM,100,8105,100.14,24.8
07/18/2022 04:15:00 PM,100,8104,100.12,24.8
07/18/2022 04:30:00 PM,100,8104,100.08,24.5
07/18/2022 04:45:00 PM,100,8106,100.04,24.2
07/18/2022 05:00:00 PM,100,8102,100.01,24.0
07/18/2022 05:15:00 PM,100,8102,99.98,24.0
07/18/2022 05:30:00 PM,100,8099,99.95,24.0
07/18/2022 05:45:00 PM,100,8102,99.93,24.1
07/18/2022 06:00:00 PM,100,8097,99.91,24.1
07/18/2022 06:15:00 PM,100,8096,99.89,23.9
07/18/2022 06:30:00 PM,100,8093,99.85,23.8
07/18/2022 06:45:00 PM,100,8096,99.81,23.5
07/18/2022 07:00:00 PM,100,8096,99.83,23.4
07/18/2022 07:15:00 PM,100,8092,99.82,23.3
07/18/2022 07:30:00 PM,100,8092,99.8,23.3
07/18/2022 07:45:00 PM,100,8090,99.79,23.3
07/18/2022 08:00:00 PM,100,8086,99.77,23.2
07/18/2022 08:15:00 PM,100,8092,99.77,23.0
07/18/2022 08:30:00 PM,100,8086,99.76,22.9
07/18/2022 08:45:00 PM,100,8086,99.76,22.8
07/18/2022 09:00:00 PM,100,8085,99.74,22.7
07/18/2022 09:15:00 PM,100,8086,99.71,22.6
07/18/2022 09:30:00 PM,100,8084,99.69,22.5
07/18/2022 09:45:00 PM,100,8080,99.68,22.4
07/18/2022 10:00:00 PM,100,8082,99.69,22.3
07/18/2022 10:15:00 PM,100,8080,99.67,22.2
07/18/2022 10:30:00 PM,100,8075,99.66,22.2
07/18/2022 10:45:00 PM,100,8077,99.63,22.2
07/18/2022 11:00:00 PM,100,8077,99.62,22.2
07/18/2022 11:15:00 PM,100,8076,99.6,22.2
07/18/2022 11:30:00 PM,100,8074,99.57,22.1
07/18/2022 11:45:00 PM,100,8074,99.56,22.0
07/19/2022 12:00:00 AM,100,8074,99.56,21.9
07/19/2022 12:15:00 AM,100,8066,99.57,21.9
07/19/2022 12:30:00 AM,100,8064,99.56,21.7
07/19/2022 12:45:00 AM,100,8064,99.57,21.4
07/19/2022 01:00:00 AM,100,8067,99.57,21.2
07/19/2022 01:15:00 AM,100,8065,99.59,21.1
07/19/2022 01:30:00 AM,100,8067,99.57,21.1
07/19/2022 01:45:00 AM,100,8067,99.57,21.1
07/19/2022 02:00:00 AM,100,8066,99.56,21.1
07/19/2022 02:15:00 AM,100,8065,99.56,21.0
07/19/2022 02:30:00 AM,100,8065,99.56,21.1
07/19/2022 02:45:00 AM,100,8064,99.57,21.1
07/19/2022 03:00:00 AM,100,8065,99.59,21.1
07/19/2022 03:15:00 AM,100,8066,99.63,21.1
07/19/2022 03:30:00 AM,100,8064,99.66,21.1
07/19/2022 03:45:00 AM,100,8062,99.67,21.1
07/19/2022 04:00:00 AM,100,8064,99.69,21.0
07/19/2022 04:15:00 AM,100,8064,99.73,20.8
07/19/2022 04:30:00 AM,100,8060,99.75,20.7
07/19/2022 04:45:00 AM,100,8060,99.77,20.5
07/19/2022 05:00:00 AM,100,8059,99.8,20.4
07/19/2022 05:15:00 AM,100,8058,99.83,20.3
07/19/2022 05:30:00 AM,100,8061,99.85,20.1
07/19/2022 05:45:00 AM,100,8056,99.86,19.9
07/19/2022 06:00:00 AM,100,8058,99.87,19.6
07/19/2022 06:15:00 AM,100,8058,99.88,19.3
07/19/2022 06:30:00 AM,100,8051,99.89,19.1
07/19/2022 06:45:00 AM,100,8056,99.9,19.0
07/19/2022 07:00:00 AM,100,8055,99.91,19.0
07/19/2022 07:15:00 AM,100,8056,99.9,19.4
07/19/2022 07:30:00 AM,100,8050,99.9,19.8
07/19/2022 07:45:00 AM,100,8054,99.89,20.1
07/19/2022 08:00:00 AM,100,8053,99.89,20.4
07/19/2022 08:15:00 AM,100,8052,99.86,20.8
07/19/2022 08:30:00 AM,100,8052,99.86,21.2
07/19/2022 08:45:00 AM,100,8047,99.87,21.5
07/19/2022 09:00:00 AM,100,8052,99.87,21.9
07/19/2022 09:15:00 AM,100,8047,99.86,22.2
07/19/2022 09:30:00 AM,100,8050,99.85,22.6
07/19/2022 09:45:00 AM,100,8048,99.85,23.1
07/19/2022 10:00:00 AM,100,8051,99.84,23.5
07/19/2022 10:15:00 AM,100,8048,99.83,23.8
07/19/2022 10:30:00 AM,100,8051,99.81,24.1
07/19/2022 10:45:00 AM,100,8054,99.81,24.1
07/19/2022 11:00:00 AM,100,8055,99.79,23.9
07/19/2022 11:15:00 AM,100,8057,99.8,24.0
07/19/2022 11:30:00 AM,100,8058,99.81,24.6
07/19/2022 11:45:00 AM,100,8077,99.81,25.8
07/19/2022 12:00:00 PM,100,8080,99.82,26.9
07/19/2022 12:15:00 PM,100,8086,99.81,27.3
07/19/2022 12:30:00 PM,100,8096,99.81,28.1
07/19/2022 12:45:00 PM,100,8109,99.82,28.9
07/19/2022 01:00:00 PM,100,8129,99.8,30.7
07/19/2022 01:15:00 PM,100,8142,99.8,32.5
07/19/2022 01:30:00 PM,100,8160,99.8,34.0
07/19/2022 01:45:00 PM,100,8172,99.8,35.6
07/19/2022 02:00:00 PM,100,8178,99.8,36.7
07/19/2022 02:15:00 PM,100,8189,99.8,37.2
07/19/2022 02:30:00 PM,100,8200,99.8,37.8
07/19/2022 02:45:00 PM,100,8194,99.8,38.0
07/19/2022 03:00:00 PM,100,8201,99.8,37.6
07/19/2022 03:15:00 PM,100,8203,99.8,38.0
07/19/2022 03:30:00 PM,100,8211,99.81,38.4
07/19/2022 03:45:00 PM,100,8213,99.8,38.8
07/19/2022 04:00:00 PM,100,8213,99.8,38.7
07/19/2022 04:15:00 PM,100,8214,99.8,38.8
07/19/2022 04:30:00 PM,100,8210,99.81,38.7
07/19/2022 04:45:00 PM,100,8202,99.82,37.4
07/19/2022 05:00:00 PM,100,8203,99.82,36.6
07/19/2022 05:15:00 PM,100,8193,99.8,36.0
07/19/2022 05:30:00 PM,100,8193,99.8,34.4
07/19/2022 05:45:00 PM,100,8186,99.82,33.0
07/19/2022 06:00:00 PM,100,8189,99.83,32.1
07/19/2022 06:15:00 PM,100,8187,99.83,32.4
07/19/2022 06:30:00 PM,100,8181,99.82,31.9
07/19/2022 06:45:00 PM,100,8177,99.83,31.0
07/19/2022 07:00:00 PM,100,8174,99.85,29.9
07/19/2022 07:15:00 PM,100,8171,99.85,29.0
07/19/2022 07:30:00 PM,100,8165,99.86,28.1
07/19/2022 07:45:00 PM,100,8165,99.89,27.3
07/19/2022 08:00:00 PM,100,8161,99.91,26.4
07/19/2022 08:15:00 PM,100,8157,99.91,25.5
07/19/2022 08:30:00 PM,100,8155,99.94,24.8
07/19/2022 08:45:00 PM,100,8153,99.93,24.2
07/19/2022 09:00:00 PM,100,8149,99.95,23.4
07/19/2022 09:15:00 PM,100,8146,99.96,22.7
07/19/2022 09:30:00 PM,100,8147,99.98,22.0
07/19/2022 09:45:00 PM,100,8146,99.99,21.4
07/19/2022 10:00:00 PM,100,8144,100.0,21.0
07/19/2022 10:15:00 PM,100,8143,100.0,20.6
07/19/2022 10:30:00 PM,100,8140,100.0,20.3
07/19/2022 10:45:00 PM,100,8139,100.02,20.1
07/19/2022 11:00:00 PM,100,8140,100.03,19.9
07/19/2022 11:15:00 PM,100,8140,100.03,19.7
07/19/2022 11:30:00 PM,100,8137,100.04,19.6
07/19/2022 11:45:00 PM,100,8136,100.03,19.5
07/20/2022 12:00:00 AM,100,8137,100.02,19.4
07/20/2022 12:15:00 AM,100,8134,100.02,19.4
07/20/2022 12:30:00 AM,100,8134,100.02,19.3
07/20/2022 12:45:00 AM,100,8134,100.02,19.3
07/20/2022 01:00:00 AM,100,8128,100.03,19.3
07/20/2022 01:15:00 AM,100,8131,100.03,19.4
07/20/2022 01:30:00 AM,100,8131,100.03,19.3
07/20/2022 01:45:00 AM,100,8130,100.04,19.2
07/20/2022 02:00:00 AM,100,8131,100.04,19.2
07/20/2022 02:15:00 AM,100,8127,100.03,19.2
07/20/2022 02:30:00 AM,100,8128,100.03,19.2
07/20/2022 02:45:00 AM,100,8126,100.03,19.3
07/20/2022 03:00:00 AM,100,8127,100.04,19.4
07/20/2022 03:15:00 AM,100,8127,100.04,19.4
07/20/2022 03:30:00 AM,100,8129,100.02,19.4
07/20/2022 03:45:00 AM,100,8126,100.03,19.3
07/20/2022 04:00:00 AM,100,8127,100.02,19.3
07/20/2022 04:15:00 AM,100,8124,100.02,19.5
07/20/2022 04:30:00 AM,100,8124,100.03,19.5
07/20/2022 04:45:00 AM,100,8124,100.03,19.4
07/20/2022 05:00:00 AM,100,8122,100.03,19.4
07/20/2022 05:15:00 AM,100,8122,100.04,19.3
07/20/2022 05:30:00 AM,100,8123,100.06,19.1
07/20/2022 05:45:00 AM,100,8118,100.07,19.0
07/20/2022 06:00:00 AM,100,8118,100.07,19.0
07/20/2022 06:15:00 AM,100,8118,100.08,19.0
07/20/2022 06:30:00 AM,100,8118,100.09,19.1
07/20/2022 06:45:00 AM,100,8118,100.11,19.3
07/20/2022 07:00:00 AM,100,8117,100.12,19.5
07/20/2022 07:15:00 AM,100,8115,100.13,19.9
07/20/2022 07:30:00 AM,100,8117,100.13,20.3
07/20/2022 07:45:00 AM,100,8116,100.12,20.7
07/20/2022 08:00:00 AM,100,8118,100.11,21.1
07/20/2022 08:15:00 AM,100,8118,100.11,21.5
07/20/2022 08:30:00 AM,100,8116,100.13,22.0
07/20/2022 08:45:00 AM,100,8116,100.12,22.4
07/20/2022 09:00:00 AM,100,8115,100.1,22.8
07/20/2022 09:15:00 AM,100,8115,100.1,23.3
07/20/2022 09:30:00 AM,100,8113,100.1,23.6
07/20/2022 09:45:00 AM,100,8114,100.1,23.9
07/20/2022 10:00:00 AM,100,8113,100.09,24.3
07/20/2022 10:15:00 AM,100,8112,100.08,24.8
07/20/2022 10:30:00 AM,100,8115,100.07,25.1
07/20/2022 10:45:00 AM,100,8117,100.06,25.4
07/20/2022 11:00:00 AM,100,8118,100.07,25.8
07/20/2022 11:15:00 AM,100,8118,100.06,26.2
07/20/2022 11:30:00 AM,100,8122,100.05,27.0
07/20/2022 11:45:00 AM,100,8142,100.04,28.4
07/20/2022 12:00:00 PM,100,8158,100.04,30.3
07/20/2022 12:15:00 PM,100,8171,100.03,33.0
07/20/2022 12:30:00 PM,100,8184,100.03,35.6
07/20/2022 12:45:00 PM,100,8193,100.02,38.0
07/20/2022 01:00:00 PM,100,8202,100.01,40.0
07/20/2022 01:15:00 PM,100,8203,100.01,41.2
07/20/2022 01:30:00 PM,100,8209,100.0,42.2
07/20/2022 01:45:00 PM,100,8209,99.99,43.2
07/20/2022 02:00:00 PM,100,8208,99.99,44.0
07/20/2022 02:15:00 PM,100,8198,99.98,43.8
07/20/2022 02:30:00 PM,100,8157,99.96,41.2
07/20/2022 02:45:00 PM,100,8174,99.93,38.3
07/20/2022 03:00:00 PM,100,8175,99.91,36.3
07/20/2022 03:15:00 PM,100,8180,99.89,36.4
07/20/2022 03:30:00 PM,100,8192,99.88,37.6
07/20/2022 03:45:00 PM,100,8200,99.88,39.9
07/20/2022 04:00:00 PM,100,8196,99.88,40.7
07/20/2022 04:15:00 PM,100,8203,99.87,40.6
07/20/2022 04:30:00 PM,100,8202,99.86,41.5
07/20/2022 04:45:00 PM,100,8202,99.84,42.4
07/20/2022 05:00:00 PM,100,8202,99.83,42.7
07/20/2022 05:15:00 PM,100,8201,99.82,42.3
07/20/2022 05:30:00 PM,100,8198,99.83,41.6
07/20/2022 05:45:00 PM,100,8194,99.81,41.1
07/20/2022 06:00:00 PM,100,8191,99.8,40.4
07/20/2022 06:15:00 PM,100,8187,99.79,39.5
07/20/2022 06:30:00 PM,100,8177,99.79,38.4
07/20/2022 06:45:00 PM,100,8172,99.78,37.0
07/20/2022 07:00:00 PM,100,8165,99.78,35.5
07/20/2022 07:15:00 PM,100,8158,99.78,33.9
07/20/2022 07:30:00 PM,100,8154,99.79,32.4
07/20/2022 07:45:00 PM,100,8150,99.79,30.9
07/20/2022 08:00:00 PM,100,8145,99.78,29.6
07/20/2022 08:15:00 PM,100,8142,99.79,28.7
07/20/2022 08:30:00 PM,100,8139,99.79,27.9
07/20/2022 08:45:00 PM,100,8138,99.81,27.2
07/20/2022 09:00:00 PM,100,8137,99.82,26.5
07/20/2022 09:15:00 PM,100,8136,99.82,25.8
07/20/2022 09:30:00 PM,100,8132,99.82,25.3
07/20/2022 09:45:00 PM,100,8128,99.83,24.7
07/20/2022 10:00:00 PM,100,8130,99.83,24.2
07/20/2022 10:15:00 PM,100,8127,99.81,23.7
07/20/2022 10:30:00 PM,100,8125,99.81,23.2
07/20/2022 10:45:00 PM,100,8121,99.8,22.9
07/20/2022 11:00:00 PM,100,8121,99.79,22.6
07/20/2022 11:15:00 PM,100,8125,99.79,22.4
07/20/2022 11:30:00 PM,100,8120,99.78,22.2
07/20/2022 11:45:00 PM,100,8119,99.78,22.0
07/21/2022 12:00:00 AM,100,8119,99.75,22.0
07/21/2022 12:15:00 AM,100,8115,99.73,22.0
07/21/2022 12:30:00 AM,100,8113,99.73,21.9
07/21/2022 12:45:00 AM,100,8115,99.73,22.0
07/21/2022 01:00:00 AM,100,8113,99.72,22.1
07/21/2022 01:15:00 AM,100,8113,99.72,22.1
07/21/2022 01:30:00 AM,100,8112,99.71,22.1
07/21/2022 01:45:00 AM,100,8112,99.7,22.1
07/21/2022 02:00:00 AM,100,8112,99.69,22.2
07/21/2022 02:15:00 AM,100,8112,99.68,22.0
07/21/2022 02:30:00 AM,100,8110,99.66,21.9
07/21/2022 02:45:00 AM,100,8110,99.66,21.6
07/21/2022 03:00:00 AM,100,8110,99.66,21.5
07/21/2022 03:15:00 AM,100,8108,99.65,21.3
07/21/2022 03:30:00 AM,100,8107,99.64,21.2
07/21/2022 03:45:00 AM,100,8106,99.64,21.1
07/21/2022 04:00:00 AM,100,8107,99.65,21.0
07/21/2022 04:15:00 AM,100,8105,99.66,21.0
07/21/2022 04:30:00 AM,100,8105,99.65,21.0
07/21/2022 04:45:00 AM,100,8104,99.65,21.0
07/21/2022 05:00:00 AM,100,8102,99.65,20.9
07/21/2022 05:15:00 AM,100,8103,99.63,20.8
07/21/2022 05:30:00 AM,100,8103,99.62,20.8
07/21/2022 05:45:00 AM,100,8102,99.59,20.8
07/21/2022 06:00:00 AM,100,8102,99.58,20.9
07/21/2022 06:15:00 AM,100,8096,99.57,21.1
07/21/2022 06:30:00 AM,100,8099,99.57,21.4
07/21/2022 06:45:00 AM,100,8097,99.58,21.6
07/21/2022 07:00:00 AM,100,8097,99.6,21.9
07/21/2022 07:15:00 AM,100,8098,99.6,22.3
07/21/2022 07:30:00 AM,100,8100,99.6,22.6
07/21/2022 07:45:00 AM,100,8097,99.6,23.0
07/21/2022 08:00:00 AM,100,8098,99.6,23.2
07/21/2022 08:15:00 AM,100,8094,99.6,23.6
07/21/2022 08:30:00 AM,100,8098,99.58,25.0
07/21/2022 08:45:00 AM,100,8102,99.59,26.0
