z6-14348,,Port1,Port1,Port2,Port2,Port3,Port3,Port4,Port4,Port5,Port5,Port6,Port7,Port7,Port8,Port8, 
# Records: 769,,TEROS 11 Moisture/Temp,TEROS 11 Moisture/Temp,TEROS 11 Moisture/Temp,TEROS 11 Moisture/Temp,SO-411 Soil Oxygen Concentration,SO-411 Soil Oxygen Concentration,SO-411 Soil Oxygen Concentration,SO-411 Soil Oxygen Concentration,SO-411 Soil Oxygen Concentration,SO-411 Soil Oxygen Concentration,Unrecognized Sensor,Battery,Battery,Barometer,Barometer, 
Timestamps,Device RID,raw  Water Content,raw  Soil Temperature,raw  Water Content,raw  Soil Temperature,raw  Oxygen Concentration,raw  Internal Temperature,raw  Oxygen Concentration,raw  Internal Temperature,raw  Oxygen Concentration,raw  Internal Temperature,raw  Sensor Output,raw  Battery Percent,raw  Battery Voltage,raw  Reference Pressure,raw  Logger Temperature,UTC Offset
05/09/2023 02:15:00 PM,23081,30401,6357,65534,65534,0,6439,65534,65534,1197,6934,12672,2100,8602,10116,6671,UTC-04:00
05/09/2023 02:30:00 PM,23082,30395,6377,65534,65534,0,6458,65534,65534,1189,6952,12699,2100,8617,10115,6702,UTC-04:00
05/09/2023 02:45:00 PM,23083,30396,6397,65534,65534,0,6480,65534,65534,1174,6980,12663,2100,8630,10113,6717,UTC-04:00
05/09/2023 03:00:00 PM,23084,30393,6417,65534,65534,0,6498,65534,65534,1163,6994,12648,2100,8635,10113,6714,UTC-04:00
05/09/2023 03:15:00 PM,23085,30393,6435,65534,65534,0,6516,65534,65534,65534,65534,12664,2100,8633,10113,6716,UTC-04:00
05/09/2023 03:30:00 PM,23086,30396,6454,65534,65534,0,6533,65534,65534,1139,7021,12684,2100,8634,10112,6721,UTC-04:00
05/09/2023 03:45:00 PM,23087,30391,6471,65534,65534,0,6547,65534,65534,1133,7021,12690,2100,8630,10112,6715,UTC-04:00
05/09/2023 04:00:00 PM,23088,30393,6487,65534,65534,0,6560,65534,65534,65534,65534,12683,2100,8626,10111,6711,UTC-04:00
05/09/2023 04:15:00 PM,23089,30391,6501,65534,65534,0,6572,65534,65534,65534,65534,12719,2100,8618,10111,6702,UTC-04:00
05/09/2023 04:30:00 PM,23090,30393,6514,65534,65534,0,6583,65534,65534,65534,65534,12712,2100,8614,10112,6697,UTC-04:00
05/09/2023 04:45:00 PM,23091,30390,6524,65534,65534,0,6594,65534,65534,65534,65534,12677,2100,8599,10111,6680,UTC-04:00
05/09/2023 05:00:00 PM,23092,30389,6533,65534,65534,0,6599,65534,65534,65534,65534,12660,2100,8590,10111,6673,UTC-04:00
05/09/2023 05:15:00 PM,23093,30389,6542,65534,65534,0,6607,65534,65534,65534,65534,12662,2100,8577,10110,6665,UTC-04:00
05/09/2023 05:30:00 PM,23094,30385,6550,65534,65534,0,6611,65534,65534,65534,65534,12640,2100,8566,10111,6637,UTC-04:00
05/09/2023 05:45:00 PM,23095,30384,6557,65534,65534,0,6614,65534,65534,65534,65534,12638,2100,8554,10112,6615,UTC-04:00
05/09/2023 06:00:00 PM,23096,30387,6560,65534,65534,0,6614,65534,65534,65534,65534,12660,2100,8547,10111,6609,UTC-04:00
05/09/2023 06:15:00 PM,23097,30380,6563,65534,65534,0,6611,65534,65534,65534,65534,12668,2100,8541,10112,6598,UTC-04:00
05/09/2023 06:30:00 PM,23098,30374,6570,65534,65534,0,6607,65534,65534,65534,65534,12637,2100,8536,10113,6570,UTC-04:00
05/09/2023 06:45:00 PM,23099,30378,6567,65534,65534,0,6602,65534,65534,65534,65534,12683,2100,8526,10113,6551,UTC-04:00
05/09/2023 07:00:00 PM,23100,30374,6560,65534,65534,0,6596,65534,65534,65534,65534,12698,2100,8517,10115,6517,UTC-04:00
05/09/2023 07:15:00 PM,23101,30368,6560,65534,65534,0,6586,65534,65534,65534,65534,12694,2100,8510,10116,6473,UTC-04:00
05/09/2023 07:30:00 PM,23102,30362,6552,65534,65534,0,6575,65534,65534,65534,65534,12628,2100,8504,10117,6427,UTC-04:00
05/09/2023 07:45:00 PM,23103,30356,6547,65534,65534,0,6564,65534,65534,65534,65534,12665,2100,8496,10120,6358,UTC-04:00
05/09/2023 08:00:00 PM,23104,30356,6538,65534,65534,0,6549,65534,65534,65534,65534,12586,2100,8491,10121,6269,UTC-04:00
05/09/2023 08:15:00 PM,23105,30344,6529,65534,65534,0,6536,65534,65534,65534,65534,12537,2100,8484,10123,6129,UTC-04:00
05/09/2023 08:30:00 PM,23106,30339,6519,65534,65534,0,6523,65534,65534,1704,6519,12550,2100,8479,10124,5974,UTC-04:00
05/09/2023 08:45:00 PM,23107,30332,6508,65534,65534,0,6507,65534,65534,1147,6490,12540,2100,8475,10126,5828,UTC-04:00
05/09/2023 09:00:00 PM,23108,30319,6496,65534,65534,0,6490,65534,65534,1153,6467,12517,2100,8469,10128,5735,UTC-04:00
05/09/2023 09:15:00 PM,23109,30304,6484,65534,65534,0,6474,65534,65534,1162,6435,12569,2100,8464,10129,5632,UTC-04:00
05/09/2023 09:30:00 PM,23110,30293,6471,65534,65534,0,6457,65534,65534,1177,6413,12549,2100,8460,10129,5551,UTC-04:00
05/09/2023 09:45:00 PM,23111,30285,6457,65534,65534,0,6442,65534,65534,1211,6387,12553,2100,8456,10130,5481,UTC-04:00
05/09/2023 10:00:00 PM,23112,30278,6443,65534,65534,0,6426,65534,65534,1237,6362,12577,2100,8453,10131,5424,UTC-04:00
05/09/2023 10:15:00 PM,23113,30268,6427,65534,65534,0,6407,65534,65534,1265,6334,12523,2100,8445,10132,5364,UTC-04:00
05/09/2023 10:30:00 PM,23114,30251,6414,65534,65534,0,6389,65534,65534,1288,6312,12528,2100,8440,10132,5316,UTC-04:00
05/09/2023 10:45:00 PM,23115,30233,6398,65534,65534,0,6373,65534,65534,1305,6294,12551,2100,8438,10132,5280,UTC-04:00
05/09/2023 11:00:00 PM,23116,30209,6385,65534,65534,0,6356,65534,65534,1327,6267,12545,2100,8433,10133,5270,UTC-04:00
05/09/2023 11:15:00 PM,23117,30177,6369,65534,65534,0,6340,65534,65534,65534,65534,12515,2100,8434,10133,5236,UTC-04:00
05/09/2023 11:30:00 PM,23118,30149,6355,65534,65534,0,6321,65534,65534,65534,65534,12531,2100,8434,10134,5203,UTC-04:00
05/09/2023 11:45:00 PM,23119,30115,6341,65534,65534,0,6306,65534,65534,65534,65534,12541,2100,8432,10135,5168,UTC-04:00
05/10/2023 12:00:00 AM,23120,30063,6325,65534,65534,0,6290,65534,65534,65534,65534,12550,2100,8431,10136,5144,UTC-04:00
05/10/2023 12:15:00 AM,23122,30051,6311,65534,65534,0,6273,65534,65534,65534,65534,12514,2100,8390,10137,5159,UTC-04:00
05/10/2023 12:30:00 AM,23123,30038,6296,65534,65534,0,6256,65534,65534,65534,65534,12497,2100,8409,10138,5147,UTC-04:00
05/10/2023 12:45:00 AM,23124,30031,6283,65534,65534,0,6242,65534,65534,65534,65534,12535,2100,8403,10139,5117,UTC-04:00
05/10/2023 01:00:00 AM,23125,30020,6267,65534,65534,0,6225,65534,65534,65534,65534,12568,2100,8405,10139,5102,UTC-04:00
05/10/2023 01:15:00 AM,23126,30004,6255,65534,65534,0,6210,65534,65534,65534,65534,12545,2100,8404,10140,5089,UTC-04:00
05/10/2023 01:30:00 AM,23127,29993,6240,65534,65534,0,6194,65534,65534,65534,65534,12521,2100,8403,10141,5048,UTC-04:00
05/10/2023 01:45:00 AM,23128,29978,6225,65534,65534,0,6180,65534,65534,65534,65534,12574,2100,8399,10141,5025,UTC-04:00
05/10/2023 02:00:00 AM,23129,29968,6213,65534,65534,0,6165,65534,65534,65534,65534,12576,2100,8403,10141,5027,UTC-04:00
05/10/2023 02:15:00 AM,23130,29957,6197,65534,65534,0,6151,65534,65534,65534,65534,12550,2100,8400,10140,5043,UTC-04:00
05/10/2023 02:30:00 AM,23131,29950,6187,65534,65534,0,6137,65534,65534,65534,65534,12550,2100,8400,10140,5007,UTC-04:00
05/10/2023 02:45:00 AM,23132,29959,6175,65534,65534,0,6122,65534,65534,65534,65534,12550,2100,8398,10142,4989,UTC-04:00
05/10/2023 03:00:00 AM,23133,29961,6163,65534,65534,8,6109,65534,65534,65534,65534,12549,2100,8396,10142,4973,UTC-04:00
05/10/2023 03:15:00 AM,23134,29951,6149,65534,65534,16,6094,65534,65534,65534,65534,12556,2100,8396,10142,4951,UTC-04:00
05/10/2023 03:30:00 AM,23135,29953,6135,65534,65534,24,6082,65534,65534,65534,65534,12534,2100,8393,10143,4928,UTC-04:00
05/10/2023 03:45:00 AM,23136,29942,6124,65534,65534,32,6065,65534,65534,65534,65534,12550,2100,8395,10143,4922,UTC-04:00
05/10/2023 04:00:00 AM,23137,29943,6112,65534,65534,41,6052,65534,65534,65534,65534,12548,2100,8395,10144,4928,UTC-04:00
05/10/2023 04:15:00 AM,23138,29933,6099,65534,65534,49,6043,65534,65534,65534,65534,12539,2100,8390,10144,4897,UTC-04:00
05/10/2023 04:30:00 AM,23139,29929,6087,65534,65534,57,6028,65534,65534,65534,65534,12518,2100,8387,10145,4870,UTC-04:00
05/10/2023 04:45:00 AM,23140,29923,6075,65534,65534,66,6016,65534,65534,65534,65534,12504,2100,8387,10146,4867,UTC-04:00
05/10/2023 05:00:00 AM,23141,29911,6064,65534,65534,74,6003,65534,65534,65534,65534,12535,2100,8386,10146,4872,UTC-04:00
05/10/2023 05:15:00 AM,23142,29905,6051,65534,65534,82,5990,65534,65534,65534,65534,12529,2100,8384,10146,4872,UTC-04:00
05/10/2023 05:30:00 AM,23143,29896,6039,65534,65534,89,5978,65534,65534,65534,65534,12533,2100,8384,10146,4844,UTC-04:00
05/10/2023 05:45:00 AM,23144,29886,6028,65534,65534,97,5965,65534,65534,65534,65534,12551,2100,8380,10148,4831,UTC-04:00
05/10/2023 06:00:00 AM,23145,29882,6017,65534,65534,105,5953,65534,65534,65534,65534,12546,2100,8380,10149,4874,UTC-04:00
05/10/2023 06:15:00 AM,23146,29881,6007,65534,65534,113,5942,65534,65534,65534,65534,12470,2100,8374,10151,4948,UTC-04:00
05/10/2023 06:30:00 AM,23147,29872,5996,65534,65534,121,5932,65534,65534,65534,65534,12543,2100,8379,10152,5035,UTC-04:00
05/10/2023 06:45:00 AM,23148,29860,5985,65534,65534,129,5922,65534,65534,65534,65534,12530,2100,8378,10154,5136,UTC-04:00
05/10/2023 07:00:00 AM,23149,29810,5975,65534,65534,136,5916,65534,65534,65534,65534,12537,2100,8385,10155,5252,UTC-04:00
05/10/2023 07:15:00 AM,23150,29799,5966,65534,65534,144,5909,65534,65534,65534,65534,12503,2100,8387,10155,5391,UTC-04:00
05/10/2023 07:30:00 AM,23151,29786,5959,65534,65534,151,5907,65534,65534,65534,65534,12524,2100,8391,10156,5549,UTC-04:00
05/10/2023 07:45:00 AM,23152,29778,5950,65534,65534,157,5906,65534,65534,65534,65534,12493,2100,8403,10156,5708,UTC-04:00
05/10/2023 08:00:00 AM,23153,29763,5945,65534,65534,164,5904,65534,65534,65534,65534,12502,2100,8419,10156,5844,UTC-04:00
05/10/2023 08:15:00 AM,23154,29752,5940,65534,65534,170,5904,65534,65534,65534,65534,12526,2100,8437,10156,5963,UTC-04:00
05/10/2023 08:30:00 AM,23155,29735,5940,65534,65534,175,5909,65534,65534,65534,65534,12511,2100,8456,10156,6087,UTC-04:00
05/10/2023 08:45:00 AM,23156,29723,5940,65534,65534,180,5915,65534,65534,65534,65534,12521,2100,8477,10156,6212,UTC-04:00
05/10/2023 09:00:00 AM,23157,29702,5940,65534,65534,185,5924,65534,65534,65534,65534,12561,2100,8496,10155,6318,UTC-04:00
05/10/2023 09:15:00 AM,23158,29690,5940,65534,65534,189,5937,65534,65534,65534,65534,12578,2100,8516,10153,6423,UTC-04:00
05/10/2023 09:30:00 AM,23159,29715,5948,65534,65534,192,5950,65534,65534,65534,65534,12660,2100,8541,10151,6506,UTC-04:00
05/10/2023 09:45:00 AM,23160,29714,5955,65534,65534,195,5969,65534,65534,65534,65534,12629,2100,8564,10150,6588,UTC-04:00
05/10/2023 10:00:00 AM,23161,29709,5965,65534,65534,198,5990,65534,65534,65534,65534,12642,2100,8578,10149,6657,UTC-04:00
05/10/2023 10:15:00 AM,23162,29669,5977,65534,65534,201,6012,65534,65534,65534,65534,12659,2100,8597,10147,6730,UTC-04:00
05/10/2023 10:30:00 AM,23163,29629,5994,65534,65534,203,6038,65534,65534,65534,65534,12644,2100,8606,10145,6806,UTC-04:00
05/10/2023 10:45:00 AM,23164,29623,6010,65534,65534,205,6061,65534,65534,65534,65534,12651,2100,8621,10143,6884,UTC-04:00
05/10/2023 11:00:00 AM,23165,29616,6029,65534,65534,206,6091,65534,65534,65534,65534,12696,2100,8625,10141,6950,UTC-04:00
05/10/2023 11:15:00 AM,23166,29612,6049,65534,65534,207,6123,65534,65534,65534,65534,12655,2100,8616,10140,6999,UTC-04:00
05/10/2023 11:30:00 AM,23167,29607,6074,65534,65534,208,6153,65534,65534,65534,65534,12701,2100,8602,10137,7038,UTC-04:00
05/10/2023 11:45:00 AM,23168,29606,6099,65534,65534,209,6188,65534,65534,65534,65534,12688,2100,8589,10136,7046,UTC-04:00
05/10/2023 12:00:00 PM,23169,29608,6125,65534,65534,210,6222,65534,65534,65534,65534,12696,2100,8580,10134,7025,UTC-04:00
05/10/2023 12:15:00 PM,23170,29604,6153,65534,65534,211,6259,65534,65534,65534,65534,12680,2100,8568,10133,7006,UTC-04:00
05/10/2023 12:30:00 PM,23171,29604,6181,65534,65534,211,6294,65534,65534,65534,65534,12709,2100,8564,10131,7011,UTC-04:00
05/10/2023 12:45:00 PM,23172,29604,6208,65534,65534,212,6333,65534,65534,65534,65534,12702,2100,8555,10128,7038,UTC-04:00
05/10/2023 01:00:00 PM,23173,29605,6241,65534,65534,212,6371,65534,65534,65534,65534,12736,2100,8547,10124,7052,UTC-04:00
05/10/2023 01:15:00 PM,23174,29606,6272,65534,65534,212,6407,65534,65534,65534,65534,12727,2100,8540,10122,7080,UTC-04:00
05/10/2023 01:30:00 PM,23175,29603,6304,65534,65534,213,6443,65534,65534,65534,65534,12688,2100,8552,10119,7121,UTC-04:00
05/10/2023 01:45:00 PM,23176,29604,6335,65534,65534,214,6476,65534,65534,65534,65534,12735,2100,8567,10116,7178,UTC-04:00
05/10/2023 02:00:00 PM,23177,29605,6365,65534,65534,214,6510,65534,65534,65534,65534,12739,2100,8577,10114,7263,UTC-04:00
05/10/2023 02:15:00 PM,23178,29611,6394,65534,65534,214,6541,65534,65534,65534,65534,12723,2100,8578,10111,7338,UTC-04:00
05/10/2023 02:30:00 PM,23179,29609,6424,65534,65534,214,6574,65534,65534,65534,65534,12732,2100,8580,10108,7384,UTC-04:00
05/10/2023 02:45:00 PM,23180,29613,6453,65534,65534,214,6605,65534,65534,65534,65534,12754,2100,8581,10106,7418,UTC-04:00
05/10/2023 03:00:00 PM,23181,29613,6481,65534,65534,214,6634,65534,65534,1338,7292,12763,2100,8576,10102,7438,UTC-04:00
05/10/2023 03:15:00 PM,23182,29614,6509,65534,65534,215,6662,65534,65534,65534,65534,12785,2100,8574,10099,7461,UTC-04:00
05/10/2023 03:30:00 PM,23183,29616,6532,65534,65534,215,6690,65534,65534,65534,65534,12779,2100,8570,10097,7495,UTC-04:00
05/10/2023 03:45:00 PM,23184,29616,6558,65534,65534,215,6717,65534,65534,65534,65534,12791,2100,8558,10095,7523,UTC-04:00
05/10/2023 04:00:00 PM,23185,29611,6581,65534,65534,216,6741,65534,65534,65534,65534,12793,2100,8548,10094,7492,UTC-04:00
05/10/2023 04:15:00 PM,23186,29594,6606,65534,65534,217,6764,65534,65534,65534,65534,12796,2100,8541,10093,7463,UTC-04:00
05/10/2023 04:30:00 PM,23187,29590,6627,65534,65534,218,6784,65534,65534,65534,65534,12832,2100,8528,10092,7472,UTC-04:00
05/10/2023 04:45:00 PM,23188,29598,6646,65534,65534,219,6803,65534,65534,65534,65534,12757,2100,8518,10090,7499,UTC-04:00
05/10/2023 05:00:00 PM,23189,29602,6665,65534,65534,220,6817,65534,65534,65534,65534,12799,2100,8504,10090,7514,UTC-04:00
05/10/2023 05:15:00 PM,23190,29577,6681,65534,65534,221,6830,65534,65534,65534,65534,12810,2100,8495,10089,7501,UTC-04:00
05/10/2023 05:30:00 PM,23191,29543,6695,65534,65534,224,6842,65534,65534,65534,65534,12849,2100,8482,10089,7472,UTC-04:00
05/10/2023 05:45:00 PM,23192,29523,6707,65534,65534,226,6854,65534,65534,65534,65534,12981,2100,8470,10090,7447,UTC-04:00
05/10/2023 06:00:00 PM,23193,29522,6719,65534,65534,229,6860,65534,65534,65534,65534,12873,2100,8460,10089,7435,UTC-04:00
05/10/2023 06:15:00 PM,23194,29522,6729,65534,65534,232,6870,65534,65534,65534,65534,12783,2100,8447,10090,7425,UTC-04:00
05/10/2023 06:30:00 PM,23195,29503,6738,65534,65534,235,6876,65534,65534,65534,65534,12792,2100,8440,10090,7400,UTC-04:00
05/10/2023 06:45:00 PM,23196,29494,6745,65534,65534,238,6875,65534,65534,65534,65534,12802,2100,8430,10090,7375,UTC-04:00
05/10/2023 07:00:00 PM,23197,29490,6750,65534,65534,242,6875,65534,65534,65534,65534,12744,2100,8424,10091,7313,UTC-04:00
05/10/2023 07:15:00 PM,23198,29473,6750,65534,65534,246,6876,65534,65534,65534,65534,12747,2100,8416,10092,7220,UTC-04:00
05/10/2023 07:30:00 PM,23199,29454,6750,65534,65534,250,6868,65534,65534,65534,65534,12728,2100,8407,10093,7127,UTC-04:00
05/10/2023 07:45:00 PM,23200,29451,6750,65534,65534,255,6862,65534,65534,65534,65534,12685,2100,8404,10095,7030,UTC-04:00
05/10/2023 08:00:00 PM,23201,29445,6746,65534,65534,260,6853,65534,65534,65534,65534,12734,2100,8395,10097,6894,UTC-04:00
05/10/2023 08:15:00 PM,23202,29440,6740,65534,65534,266,6841,65534,65534,65534,65534,12703,2100,8390,10101,6744,UTC-04:00
05/10/2023 08:30:00 PM,23203,29579,6731,65534,65534,272,6828,65534,65534,65534,65534,12752,2100,8387,10102,6634,UTC-04:00
05/10/2023 08:45:00 PM,23204,29451,6723,65534,65534,278,6813,65534,65534,65532,65532,12784,2100,8382,10105,6528,UTC-04:00
05/10/2023 09:00:00 PM,23205,29425,6714,65534,65534,284,6798,65534,65534,1526,6874,12751,2100,8377,10106,6412,UTC-04:00
05/10/2023 09:15:00 PM,23206,29413,6703,65534,65534,289,6781,65534,65534,1538,6844,12757,2100,8376,10108,6281,UTC-04:00
05/10/2023 09:30:00 PM,23207,29404,6692,65534,65534,293,6763,65534,65534,65534,65534,12717,2100,8371,10110,6198,UTC-04:00
05/10/2023 09:45:00 PM,23208,29414,6679,65534,65534,298,6745,65534,65534,65534,65534,12673,2100,8367,10110,6132,UTC-04:00
05/10/2023 10:00:00 PM,23209,29473,6666,65534,65534,304,6726,65534,65534,65534,65534,12609,2100,8367,10111,6065,UTC-04:00
05/10/2023 10:15:00 PM,23210,29401,6653,65534,65534,310,6708,65534,65534,65534,65534,12578,2100,8363,10111,6033,UTC-04:00
05/10/2023 10:30:00 PM,23211,29359,6639,65534,65534,316,6688,65534,65534,65534,65534,12608,2100,8360,10110,5990,UTC-04:00
05/10/2023 10:45:00 PM,23212,29328,6625,65534,65534,323,6670,65534,65534,65534,65534,12593,2100,8358,10111,5948,UTC-04:00
05/10/2023 11:00:00 PM,23213,29306,6611,65534,65534,329,6651,65534,65534,65534,65534,12586,2100,8355,10111,5925,UTC-04:00
05/10/2023 11:15:00 PM,23214,29293,6596,65534,65534,336,6635,65534,65534,65534,65534,12590,2100,8355,10110,5892,UTC-04:00
05/10/2023 11:30:00 PM,23215,29280,6581,65534,65534,342,6614,65534,65534,65534,65534,12571,2100,8352,10110,5857,UTC-04:00
05/10/2023 11:45:00 PM,23216,29261,6566,65534,65534,349,6596,65534,65534,65534,65534,12583,2100,8349,10110,5852,UTC-04:00
05/11/2023 12:00:00 AM,23217,29231,6553,65534,65534,355,6580,65534,65534,65534,65534,12572,2100,8348,10110,5861,UTC-04:00
05/11/2023 12:15:00 AM,23219,29232,6538,65534,65534,362,6562,65534,65534,65534,65534,12561,2100,8311,10111,5863,UTC-04:00
05/11/2023 12:30:00 AM,23220,29220,6525,65534,65534,369,6546,65534,65534,65534,65534,12573,2100,8324,10112,5898,UTC-04:00
05/11/2023 12:45:00 AM,23221,29206,6513,65534,65534,376,6529,65534,65534,65534,65534,12567,2100,8327,10112,5947,UTC-04:00
05/11/2023 01:00:00 AM,23222,29195,6499,65534,65534,382,6513,65534,65534,65534,65534,12569,2100,8325,10111,5967,UTC-04:00
05/11/2023 01:15:00 AM,23223,29182,6486,65534,65534,389,6496,65534,65534,65534,65534,12572,2100,8322,10112,5962,UTC-04:00
05/11/2023 01:30:00 AM,23224,29155,6473,65534,65534,397,6481,65534,65534,65534,65534,12572,2100,8323,10111,5979,UTC-04:00
05/11/2023 01:45:00 AM,23225,29140,6459,65534,65534,404,6467,65534,65534,65534,65534,12570,2100,8323,10112,6016,UTC-04:00
05/11/2023 02:00:00 AM,23226,29116,6445,65534,65534,409,6452,65534,65534,65534,65534,12565,2100,8321,10112,6023,UTC-04:00
05/11/2023 02:15:00 AM,23227,29107,6433,65534,65534,414,6437,65534,65534,65534,65534,12571,2100,8316,10112,5990,UTC-04:00
05/11/2023 02:30:00 AM,23228,29092,6421,65534,65534,420,6423,65534,65534,65534,65534,12559,2100,8313,10113,5943,UTC-04:00
05/11/2023 02:45:00 AM,23229,29075,6408,65534,65534,426,6408,65534,65534,65534,65534,12565,2100,8314,10112,5920,UTC-04:00
05/11/2023 03:00:00 AM,23230,29062,6396,65534,65534,432,6394,65534,65534,65534,65534,12547,2100,8313,10113,5889,UTC-04:00
05/11/2023 03:15:00 AM,23231,29051,6385,65534,65534,438,6384,65534,65534,65534,65534,12564,2100,8310,10113,5841,UTC-04:00
05/11/2023 03:30:00 AM,23232,29040,6374,65534,65534,445,6370,65534,65534,65534,65534,12539,2100,8311,10113,5811,UTC-04:00
05/11/2023 03:45:00 AM,23233,29032,6363,65534,65534,451,6357,65534,65534,65534,65534,12539,2100,8308,10112,5773,UTC-04:00
05/11/2023 04:00:00 AM,23234,29018,6351,65534,65534,456,6344,65534,65534,65534,65534,12524,2100,8306,10114,5749,UTC-04:00
05/11/2023 04:15:00 AM,23235,29010,6341,65534,65534,463,6331,65534,65534,65534,65534,12530,2100,8304,10115,5734,UTC-04:00
05/11/2023 04:30:00 AM,23236,28996,6328,65534,65534,469,6318,65534,65534,65534,65534,12527,2100,8304,10116,5728,UTC-04:00
05/11/2023 04:45:00 AM,23237,28975,6317,65534,65534,474,6307,65534,65534,65534,65534,12543,2100,8301,10117,5700,UTC-04:00
05/11/2023 05:00:00 AM,23238,28978,6307,65534,65534,479,6295,65534,65534,65534,65534,12518,2100,8299,10117,5682,UTC-04:00
05/11/2023 05:15:00 AM,23239,28952,6297,65534,65534,484,6283,65534,65534,65534,65534,12524,2100,8298,10118,5670,UTC-04:00
05/11/2023 05:30:00 AM,23240,28938,6287,65534,65534,489,6272,65534,65534,65534,65534,12536,2100,8298,10118,5664,UTC-04:00
05/11/2023 05:45:00 AM,23241,28932,6276,65534,65534,494,6261,65534,65534,65534,65534,12526,2100,8296,10120,5661,UTC-04:00
05/11/2023 06:00:00 AM,23242,28923,6266,65534,65534,499,6250,65534,65534,65534,65534,12529,2100,8294,10121,5664,UTC-04:00
05/11/2023 06:15:00 AM,23243,28907,6257,65534,65534,505,6239,65534,65534,65534,65534,12509,2100,8293,10123,5707,UTC-04:00
05/11/2023 06:30:00 AM,23244,28899,6247,65534,65534,511,6229,65534,65534,65534,65534,12536,2100,8295,10124,5774,UTC-04:00
05/11/2023 06:45:00 AM,23245,28890,6237,65534,65534,518,6219,65534,65534,65534,65534,12538,2100,8298,10127,5881,UTC-04:00
05/11/2023 07:00:00 AM,23246,28881,6227,65534,65534,525,6215,65534,65534,65534,65534,12515,2100,8301,10128,5991,UTC-04:00
05/11/2023 07:15:00 AM,23247,28871,6220,65534,65534,532,6207,65534,65534,65534,65534,12557,2100,8304,10129,6093,UTC-04:00
05/11/2023 07:30:00 AM,23248,28858,6210,65534,65534,540,6206,65534,65534,65534,65534,12540,2100,8311,10131,6224,UTC-04:00
05/11/2023 07:45:00 AM,23249,28850,6205,65534,65534,547,6202,65534,65534,65534,65534,12603,2100,8321,10130,6330,UTC-04:00
05/11/2023 08:00:00 AM,23250,28836,6200,65534,65534,554,6201,65534,65534,65534,65534,12631,2100,8333,10129,6436,UTC-04:00
05/11/2023 08:15:00 AM,23251,28829,6200,65534,65534,559,6205,65534,65534,65534,65534,12701,2100,8342,10130,6536,UTC-04:00
05/11/2023 08:30:00 AM,23252,28811,6196,65534,65534,565,6206,65534,65534,65534,65534,12671,2100,8358,10130,6606,UTC-04:00
05/11/2023 08:45:00 AM,23253,28758,6191,65534,65534,570,6214,65534,65534,65534,65534,12663,2100,8374,10131,6689,UTC-04:00
05/11/2023 09:00:00 AM,23254,28719,6200,65534,65534,575,6220,65534,65534,65534,65534,12678,2100,8390,10130,6769,UTC-04:00
05/11/2023 09:15:00 AM,23255,28699,6200,65534,65534,580,6232,65534,65534,65534,65534,12678,2100,8406,10130,6833,UTC-04:00
05/11/2023 09:30:00 AM,23256,28677,6203,65534,65534,584,6242,65534,65534,65534,65534,12657,2100,8429,10128,6911,UTC-04:00
05/11/2023 09:45:00 AM,23257,28702,6211,65534,65534,588,6256,65534,65534,65534,65534,12688,2100,8449,10125,6989,UTC-04:00
05/11/2023 10:00:00 AM,23258,28697,6221,65534,65534,591,6271,65534,65534,65534,65534,12658,2100,8468,10124,7055,UTC-04:00
05/11/2023 10:15:00 AM,23259,28680,6233,65534,65534,595,6291,65534,65534,65534,65534,12674,2100,8488,10122,7090,UTC-04:00
05/11/2023 10:30:00 AM,23260,28669,6246,65534,65534,598,6314,65534,65534,65534,65534,12665,2100,8509,10122,7126,UTC-04:00
05/11/2023 10:45:00 AM,23261,28656,6261,65534,65534,602,6336,65534,65534,65534,65534,12690,2100,8516,10121,7187,UTC-04:00
05/11/2023 11:00:00 AM,23262,28647,6276,65534,65534,604,6360,65534,65534,65534,65534,12679,2100,8526,10119,7230,UTC-04:00
05/11/2023 11:15:00 AM,23263,28634,6295,65534,65534,607,6384,65534,65534,65534,65534,12692,2100,8527,10118,7248,UTC-04:00
05/11/2023 11:30:00 AM,23264,28622,6313,65534,65534,609,6410,65534,65534,65534,65534,12699,2100,8515,10117,7257,UTC-04:00
05/11/2023 11:45:00 AM,23265,28614,6333,65534,65534,612,6436,65534,65534,65534,65534,12712,2100,8510,10116,7260,UTC-04:00
05/11/2023 12:00:00 PM,23266,28604,6353,65534,65534,615,6461,65534,65534,65534,65534,12730,2100,8507,10115,7302,UTC-04:00
05/11/2023 12:15:00 PM,23267,28594,6374,65534,65534,617,6485,65534,65534,65534,65534,12698,2100,8504,10113,7321,UTC-04:00
05/11/2023 12:30:00 PM,23268,28584,6395,65534,65534,620,6513,65534,65534,65534,65534,12686,2100,8500,10112,7323,UTC-04:00
05/11/2023 12:45:00 PM,23269,28576,6415,65534,65534,622,6536,65534,65534,65534,65534,12734,2100,8496,10112,7378,UTC-04:00
05/11/2023 01:00:00 PM,23270,28567,6435,65534,65534,623,6561,65534,65534,65534,65534,12744,2100,8494,10111,7448,UTC-04:00
05/11/2023 01:15:00 PM,23271,28561,6457,65534,65534,623,6587,65534,65534,65534,65534,12707,2100,8490,10108,7446,UTC-04:00
05/11/2023 01:30:00 PM,23272,28550,6480,65534,65534,622,6617,65534,65534,65534,65534,12779,2100,8494,10106,7432,UTC-04:00
05/11/2023 01:45:00 PM,23273,28543,6502,65534,65534,623,6643,65534,65534,65534,65534,12809,2100,8512,10103,7478,UTC-04:00
05/11/2023 02:00:00 PM,23274,28544,6523,65534,65534,623,6670,65534,65534,65534,65534,12801,2100,8520,10102,7528,UTC-04:00
05/11/2023 02:15:00 PM,23275,28539,6548,65534,65534,623,6699,65534,65534,65534,65534,12815,2100,8527,10100,7580,UTC-04:00
05/11/2023 02:30:00 PM,23276,28539,6572,65534,65534,622,6727,65534,65534,65534,65534,12860,2100,8529,10097,7675,UTC-04:00
05/11/2023 02:45:00 PM,23277,28537,6600,65534,65534,621,6758,65534,65534,65534,65534,12903,2100,8529,10095,7735,UTC-04:00
05/11/2023 03:00:00 PM,23278,28533,6628,65534,65534,620,6789,65534,65534,65534,65534,12945,2100,8525,10094,7750,UTC-04:00
05/11/2023 03:15:00 PM,23279,28541,6655,65534,65534,619,6822,65534,65534,65534,65534,12984,2100,8523,10093,7760,UTC-04:00
05/11/2023 03:30:00 PM,23280,28540,6683,65534,65534,619,6851,65534,65534,1538,7501,13038,2100,8517,10091,7771,UTC-04:00
05/11/2023 03:45:00 PM,23281,28545,6711,65534,65534,619,6881,65534,65534,65534,65534,13008,2100,8507,10089,7782,UTC-04:00
05/11/2023 04:00:00 PM,23282,28545,6738,65534,65534,620,6907,65534,65534,65534,65534,13016,2100,8501,10089,7815,UTC-04:00
05/11/2023 04:15:00 PM,23283,28551,6763,65534,65534,620,6934,65534,65534,65534,65534,13048,2100,8491,10088,7834,UTC-04:00
05/11/2023 04:30:00 PM,23284,28558,6787,65534,65534,620,6958,65534,65534,65534,65534,13055,2100,8477,10088,7795,UTC-04:00
05/11/2023 04:45:00 PM,23285,28561,6809,65534,65534,620,6979,65534,65534,65534,65534,13050,2100,8469,10087,7748,UTC-04:00
05/11/2023 05:00:00 PM,23286,28562,6828,65534,65534,621,6998,65534,65534,65534,65534,13038,2100,8456,10087,7768,UTC-04:00
05/11/2023 05:15:00 PM,23287,28568,6844,65534,65534,622,7010,65534,65534,65534,65534,12912,2100,8447,10087,7730,UTC-04:00
05/11/2023 05:30:00 PM,23288,28574,6857,65534,65534,624,7024,65534,65534,65534,65534,12893,2100,8437,10087,7664,UTC-04:00
05/11/2023 05:45:00 PM,23289,28572,6872,65534,65534,625,7032,65534,65534,65534,65534,12867,2100,8428,10087,7634,UTC-04:00
05/11/2023 06:00:00 PM,23290,28578,6883,65534,65534,627,7040,65534,65534,65534,65534,12900,2100,8418,10086,7586,UTC-04:00
05/11/2023 06:15:00 PM,23291,28578,6890,65534,65534,629,7043,65534,65534,65534,65534,12790,2100,8412,10086,7548,UTC-04:00
05/11/2023 06:30:00 PM,23292,28582,6899,65534,65534,632,7047,65534,65534,65534,65534,12818,2100,8403,10086,7479,UTC-04:00
05/11/2023 06:45:00 PM,23293,28590,6900,65534,65534,635,7048,65534,65534,65534,65534,12832,2100,8395,10087,7435,UTC-04:00
05/11/2023 07:00:00 PM,23294,28588,6900,65534,65534,638,7040,65534,65534,65534,65534,12819,2100,8389,10087,7410,UTC-04:00
05/11/2023 07:15:00 PM,23295,28588,6900,65534,65534,641,7035,65534,65534,65534,65534,12805,2100,8383,10089,7352,UTC-04:00
05/11/2023 07:30:00 PM,23296,28575,6900,65534,65534,644,7027,65534,65534,65534,65534,12779,2100,8376,10091,7246,UTC-04:00
05/11/2023 07:45:00 PM,23297,28578,6900,65534,65534,647,7019,65534,65534,65534,65534,12783,2100,8371,10093,7128,UTC-04:00
05/11/2023 08:00:00 PM,23298,28574,6893,65534,65534,651,7009,65534,65534,1688,7149,12793,2100,8365,10095,6978,UTC-04:00
05/11/2023 08:15:00 PM,23299,28566,6890,65534,65534,655,6999,65534,65534,1693,7146,12842,2100,8360,10096,6886,UTC-04:00
05/11/2023 08:30:00 PM,23300,28566,6880,65534,65534,659,6983,65534,65534,65534,65534,12739,2100,8355,10098,6786,UTC-04:00
05/11/2023 08:45:00 PM,23301,28561,6871,65534,65534,663,6970,65534,65534,65534,65534,12738,2100,8352,10100,6679,UTC-04:00
05/11/2023 09:00:00 PM,23302,28550,6861,65534,65534,667,6954,65534,65534,65534,65534,12758,2100,8350,10103,6615,UTC-04:00
05/11/2023 09:15:00 PM,23303,28541,6850,65534,65534,672,6937,65534,65534,65534,65534,12742,2100,8343,10104,6532,UTC-04:00
05/11/2023 09:30:00 PM,23304,28527,6839,65534,65534,676,6917,65534,65534,65534,65534,12763,2100,8340,10106,6465,UTC-04:00
05/11/2023 09:45:00 PM,23305,28518,6827,65534,65534,680,6901,65534,65534,65534,65534,12783,2100,8339,10106,6423,UTC-04:00
05/11/2023 10:00:00 PM,23306,28514,6815,65534,65534,684,6884,65534,65534,65534,65534,12741,2100,8334,10107,6378,UTC-04:00
05/11/2023 10:15:00 PM,23307,28495,6803,65534,65534,687,6867,65534,65534,65534,65534,12764,2100,8333,10106,6320,UTC-04:00
05/11/2023 10:30:00 PM,23308,28491,6788,65534,65534,690,6850,65534,65534,65534,65534,12790,2100,8330,10106,6253,UTC-04:00
05/11/2023 10:45:00 PM,23309,28475,6775,65534,65534,694,6831,65534,65534,65534,65534,12692,2100,8327,10106,6194,UTC-04:00
05/11/2023 11:00:00 PM,23310,28464,6763,65534,65534,697,6813,65534,65534,65534,65534,12741,2100,8326,10106,6152,UTC-04:00
05/11/2023 11:15:00 PM,23311,28461,6747,65534,65534,701,6794,65534,65534,65534,65534,12742,2100,8320,10106,6104,UTC-04:00
05/11/2023 11:30:00 PM,23312,28442,6733,65534,65534,704,6778,65534,65534,65534,65534,12666,2100,8316,10105,6070,UTC-04:00
05/11/2023 11:45:00 PM,23313,28416,6717,65534,65534,707,6761,65534,65534,65534,65534,12644,2100,8314,10104,6043,UTC-04:00
05/12/2023 12:00:00 AM,23314,28408,6705,65534,65534,710,6744,65534,65534,65534,65534,12658,2100,8315,10103,6004,UTC-04:00
05/12/2023 12:15:00 AM,23316,28397,6691,65534,65534,714,6725,65534,65534,65534,65534,12659,2100,8286,10103,6000,UTC-04:00
05/12/2023 12:30:00 AM,23317,28404,6676,65534,65534,717,6710,65534,65534,65534,65534,12652,2100,8296,10103,5997,UTC-04:00
05/12/2023 12:45:00 AM,23318,28390,6663,65534,65534,721,6693,65534,65534,65534,65534,12671,2100,8292,10103,5994,UTC-04:00
05/12/2023 01:00:00 AM,23319,28368,6650,65534,65534,726,6677,65534,65534,65534,65534,12701,2100,8291,10101,6004,UTC-04:00
05/12/2023 01:15:00 AM,23320,28354,6636,65534,65534,732,6663,65534,65534,65534,65534,12715,2100,8292,10101,6003,UTC-04:00
05/12/2023 01:30:00 AM,23321,28338,6624,65534,65534,738,6646,65534,65534,1982,6591,12725,2100,8288,10100,6008,UTC-04:00
05/12/2023 01:45:00 AM,23322,28320,6611,65534,65534,744,6633,65534,65534,65534,65534,12616,2100,8287,10100,6008,UTC-04:00
05/12/2023 02:00:00 AM,23323,28305,6597,65534,65534,749,6616,65534,65534,65534,65534,12552,2100,8287,10099,5982,UTC-04:00
05/12/2023 02:15:00 AM,23324,28293,6585,65534,65534,752,6604,65534,65534,65534,65534,12600,2100,8285,10099,5977,UTC-04:00
05/12/2023 02:30:00 AM,23325,28279,6573,65534,65534,755,6589,65534,65534,65534,65534,12573,2100,8282,10099,5977,UTC-04:00
05/12/2023 02:45:00 AM,23326,28267,6559,65534,65534,759,6576,65534,65534,65534,65534,12572,2100,8281,10097,5970,UTC-04:00
05/12/2023 03:00:00 AM,23327,28254,6547,65534,65534,764,6562,65534,65534,65534,65534,12576,2100,8281,10096,5959,UTC-04:00
05/12/2023 03:15:00 AM,23328,28246,6536,65534,65534,769,6549,65534,65534,65534,65534,12580,2100,8274,10096,6002,UTC-04:00
05/12/2023 03:30:00 AM,23329,28236,6525,65534,65534,774,6537,65534,65534,65534,65534,12613,2100,8276,10096,6069,UTC-04:00
05/12/2023 03:45:00 AM,23330,28226,6517,65534,65534,779,6525,65534,65534,65534,65534,12582,2100,8273,10096,6146,UTC-04:00
05/12/2023 04:00:00 AM,23331,28212,6507,65534,65534,785,6515,65534,65534,65534,65534,12591,2100,8273,10096,6214,UTC-04:00
05/12/2023 04:15:00 AM,23332,28191,6497,65534,65534,791,6504,65534,65534,65534,65534,12639,2100,8269,10101,6288,UTC-04:00
05/12/2023 04:30:00 AM,23333,28176,6488,65534,65534,796,6496,65534,65534,65534,65534,12619,2100,8272,10102,6338,UTC-04:00
05/12/2023 04:45:00 AM,23334,28166,6480,65534,65534,801,6489,65534,65534,65534,65534,12607,2100,8271,10100,6352,UTC-04:00
05/12/2023 05:00:00 AM,23335,28147,6471,65534,65534,807,6482,65534,65534,65534,65534,12647,2100,8270,10103,6357,UTC-04:00
05/12/2023 05:15:00 AM,23336,28142,6465,65534,65534,812,6475,65534,65534,65534,65534,12607,2100,8271,10106,6334,UTC-04:00
05/12/2023 05:30:00 AM,23337,28128,6460,65534,65534,816,6472,65534,65534,65534,65534,12608,2100,8269,10106,6313,UTC-04:00
05/12/2023 05:45:00 AM,23338,28099,6451,65534,65534,821,6467,65534,65534,65534,65534,12649,2100,8266,10104,6323,UTC-04:00
05/12/2023 06:00:00 AM,23339,28086,6445,65534,65534,825,6460,65534,65534,65534,65534,12643,2100,8266,10104,6317,UTC-04:00
05/12/2023 06:15:00 AM,23340,28078,6440,65534,65534,830,6458,65534,65534,65534,65534,12628,2100,8263,10104,6313,UTC-04:00
05/12/2023 06:30:00 AM,23341,28070,6438,65534,65534,835,6457,65534,65534,65534,65534,12620,2100,8263,10105,6337,UTC-04:00
05/12/2023 06:45:00 AM,23342,28065,6430,65534,65534,840,6455,65534,65534,65534,65534,12626,2100,8263,10108,6356,UTC-04:00
05/12/2023 07:00:00 AM,23343,28057,6430,65534,65534,845,6450,65534,65534,65534,65534,12651,2100,8263,10110,6365,UTC-04:00
05/12/2023 07:15:00 AM,23344,28049,6423,65534,65534,850,6451,65534,65534,65534,65534,12665,2100,8268,10111,6432,UTC-04:00
05/12/2023 07:30:00 AM,23345,28044,6420,65534,65534,854,6454,65534,65534,65534,65534,12688,2100,8273,10110,6575,UTC-04:00
05/12/2023 07:45:00 AM,23346,28039,6420,65534,65534,858,6457,65534,65534,65534,65534,12721,2100,8279,10109,6682,UTC-04:00
05/12/2023 08:00:00 AM,23347,28034,6420,65534,65534,862,6458,65534,65534,65534,65534,12697,2100,8290,10109,6762,UTC-04:00
05/12/2023 08:15:00 AM,23348,28032,6420,65534,65534,866,6460,65534,65534,65534,65534,12727,2100,8307,10109,6841,UTC-04:00
05/12/2023 08:30:00 AM,23349,28029,6420,65534,65534,869,6467,65534,65534,65534,65534,12707,2100,8320,10109,6897,UTC-04:00
05/12/2023 08:45:00 AM,23350,28028,6420,65534,65534,871,6475,65534,65534,65534,65534,12674,2100,8334,10108,6946,UTC-04:00
05/12/2023 09:00:00 AM,23351,28023,6420,65534,65534,872,6485,65534,65534,65534,65534,12749,2100,8350,10106,6984,UTC-04:00
05/12/2023 09:15:00 AM,23352,28020,6430,65534,65534,873,6497,65534,65534,65534,65534,12689,2100,8370,10105,7052,UTC-04:00
05/12/2023 09:30:00 AM,23353,28020,6435,65534,65534,875,6512,65534,65534,65534,65534,12736,2100,8387,10105,7117,UTC-04:00
05/12/2023 09:45:00 AM,23354,28021,6444,65534,65534,876,6527,65534,65534,65534,65534,12735,2100,8409,10104,7179,UTC-04:00
05/12/2023 10:00:00 AM,23355,28014,6456,65534,65534,876,6544,65534,65534,65534,65534,12707,2100,8429,10102,7224,UTC-04:00
05/12/2023 10:15:00 AM,23356,28015,6469,65534,65534,877,6564,65534,65534,65534,65534,12687,2100,8448,10101,7294,UTC-04:00
05/12/2023 10:30:00 AM,23357,28019,6484,65534,65534,878,6586,65534,65534,1730,6820,12683,2100,8467,10100,7347,UTC-04:00
05/12/2023 10:45:00 AM,23358,28019,6499,65534,65534,878,6610,65534,65534,65534,65534,12697,2100,8485,10100,7404,UTC-04:00
05/12/2023 11:00:00 AM,23359,28020,6516,65534,65534,878,6634,65534,65534,1702,6953,12726,2100,8493,10099,7453,UTC-04:00
05/12/2023 11:15:00 AM,23360,28026,6535,65534,65534,878,6661,65534,65534,65534,65534,12742,2100,8492,10097,7493,UTC-04:00
05/12/2023 11:30:00 AM,23361,28024,6556,65534,65534,878,6686,65534,65534,1691,7077,12753,2100,8475,10095,7513,UTC-04:00
05/12/2023 11:45:00 AM,23362,28026,6578,65534,65534,878,6713,65534,65534,1657,7156,12742,2100,8463,10095,7521,UTC-04:00
05/12/2023 12:00:00 PM,23363,28032,6602,65534,65534,877,6743,65534,65534,65534,65534,12772,2100,8456,10095,7510,UTC-04:00
05/12/2023 12:15:00 PM,23364,28034,6627,65534,65534,875,6772,65534,65534,1630,7280,12851,2100,8448,10094,7508,UTC-04:00
05/12/2023 12:30:00 PM,23365,28040,6652,65534,65534,873,6805,65534,65534,1624,7327,12839,2100,8444,10092,7536,UTC-04:00
05/12/2023 12:45:00 PM,23366,28047,6679,65534,65534,872,6835,65534,65534,1617,7368,12891,2100,8437,10090,7597,UTC-04:00
05/12/2023 01:00:00 PM,23367,28052,6705,65534,65534,871,6863,65534,65534,803,6299,12851,2100,8432,10089,7616,UTC-04:00
05/12/2023 01:15:00 PM,23368,28060,6732,65534,65534,869,6896,65534,65534,1592,7463,12924,2100,8429,10086,7648,UTC-04:00
05/12/2023 01:30:00 PM,23369,28069,6761,65534,65534,867,6927,65534,65534,1582,7500,12916,2100,8434,10085,7699,UTC-04:00
05/12/2023 01:45:00 PM,23370,28081,6787,65534,65534,866,6958,65534,65534,1575,7548,12980,2100,8443,10084,7749,UTC-04:00
05/12/2023 02:00:00 PM,23371,28085,6815,65534,65534,863,6988,65534,65534,1568,7580,12928,2100,8447,10083,7755,UTC-04:00
05/12/2023 02:15:00 PM,23372,28100,6840,65534,65534,861,7019,65534,65534,1569,7601,13068,2100,8453,10081,7828,UTC-04:00
05/12/2023 02:30:00 PM,23373,28112,6864,65534,65534,860,7046,65534,65534,1561,7630,13097,2100,8446,10079,7842,UTC-04:00
05/12/2023 02:45:00 PM,23374,28124,6890,65534,65534,859,7070,65534,65534,1565,7636,12992,2100,8440,10079,7799,UTC-04:00
05/12/2023 03:00:00 PM,23375,28135,6913,65534,65534,859,7094,65534,65534,1572,7629,12976,2100,8438,10077,7791,UTC-04:00
05/12/2023 03:15:00 PM,23376,28159,6933,65534,65534,860,7113,65534,65534,1578,7617,13050,2100,8440,10076,7846,UTC-04:00
05/12/2023 03:30:00 PM,23377,28170,6951,65534,65534,860,7125,65534,65534,1575,7627,12956,2100,8429,10075,7874,UTC-04:00
05/12/2023 03:45:00 PM,23378,28175,6965,65534,65534,860,7138,65534,65534,1576,7626,12862,2100,8423,10075,7770,UTC-04:00
05/12/2023 04:00:00 PM,23379,28183,6979,65534,65534,859,7150,65534,65534,1586,7596,13028,2100,8412,10075,7678,UTC-04:00
05/12/2023 04:15:00 PM,23380,28206,6992,65534,65534,860,7161,65534,65534,1604,7554,12928,2100,8405,10075,7610,UTC-04:00
05/12/2023 04:30:00 PM,23381,28222,7000,65534,65534,861,7168,65534,65534,1613,7528,12923,2100,8406,10075,7612,UTC-04:00
05/12/2023 04:45:00 PM,23382,28231,7009,65534,65534,862,7167,65534,65534,1608,7518,12883,2100,8403,10075,7664,UTC-04:00
05/12/2023 05:00:00 PM,23383,28233,7011,65534,65534,861,7168,65534,65534,1599,7505,12895,2100,8397,10075,7652,UTC-04:00
05/12/2023 05:15:00 PM,23384,28244,7020,65534,65534,860,7169,65534,65534,1601,7502,12904,2100,8392,10075,7671,UTC-04:00
05/12/2023 05:30:00 PM,23385,28239,7021,65534,65534,859,7168,65534,65534,1602,7494,12804,2100,8384,10076,7639,UTC-04:00
05/12/2023 05:45:00 PM,23386,28243,7030,65534,65534,859,7168,65534,65534,1629,7453,12752,2100,8377,10077,7549,UTC-04:00
05/12/2023 06:00:00 PM,23387,28247,7030,65534,65534,860,7170,65534,65534,1640,7427,12765,2100,8368,10078,7480,UTC-04:00
05/12/2023 06:15:00 PM,23388,28250,7030,65534,65534,862,7170,65534,65534,1650,7402,12772,2100,8365,10079,7465,UTC-04:00
05/12/2023 06:30:00 PM,23389,28243,7030,65534,65534,864,7165,65534,65534,1666,7376,12759,2100,8359,10079,7428,UTC-04:00
05/12/2023 06:45:00 PM,23390,28241,7030,65534,65534,866,7157,65534,65534,1681,7344,12772,2100,8352,10080,7369,UTC-04:00
05/12/2023 07:00:00 PM,23391,28244,7030,65534,65534,868,7149,65534,65534,1691,7325,12765,2100,8349,10081,7327,UTC-04:00
05/12/2023 07:15:00 PM,23392,28244,7026,65534,65534,870,7139,65534,65534,65532,65532,12737,2100,8342,10082,7286,UTC-04:00
05/12/2023 07:30:00 PM,23393,28235,7020,65534,65534,872,7128,65534,65534,65532,65532,12777,2100,8337,10082,7250,UTC-04:00
05/12/2023 07:45:00 PM,23394,28231,7013,65534,65534,874,7119,65534,65534,1288,7251,12775,2100,8330,10082,7200,UTC-04:00
05/12/2023 08:00:00 PM,23395,28234,7007,65534,65534,876,7108,65534,65534,65534,65534,12786,2100,8330,10082,7110,UTC-04:00
05/12/2023 08:15:00 PM,23396,28227,7000,65534,65534,878,7098,65534,65534,65534,65534,12794,2100,8327,10082,7006,UTC-04:00
05/12/2023 08:30:00 PM,23397,28222,6991,65534,65534,881,7086,65534,65534,65534,65534,12802,2100,8317,10084,6909,UTC-04:00
05/12/2023 08:45:00 PM,23398,28221,6983,65534,65534,883,7073,65534,65534,65534,65534,12789,2100,8314,10086,6800,UTC-04:00
05/12/2023 09:00:00 PM,23399,28213,6974,65534,65534,886,7058,65534,65534,65534,65534,12880,2100,8311,10086,6709,UTC-04:00
05/12/2023 09:15:00 PM,23400,28208,6964,65534,65534,889,7043,65534,65534,65534,65534,12786,2100,8311,10088,6648,UTC-04:00
05/12/2023 09:30:00 PM,23401,28195,6953,65534,65534,892,7029,65534,65534,65534,65534,12789,2100,8308,10088,6607,UTC-04:00
05/12/2023 09:45:00 PM,23402,28185,6942,65534,65534,894,7014,65534,65534,65534,65534,12729,2100,8304,10087,6588,UTC-04:00
05/12/2023 10:00:00 PM,23403,28179,6930,65534,65534,896,7000,65534,65534,65534,65534,12733,2100,8301,10089,6558,UTC-04:00
05/12/2023 10:15:00 PM,23404,28168,6918,65534,65534,898,6985,65534,65534,65534,65534,12795,2100,8297,10090,6522,UTC-04:00
05/12/2023 10:30:00 PM,23405,28156,6907,65534,65534,900,6971,65534,65534,65534,65534,12783,2100,8298,10090,6479,UTC-04:00
05/12/2023 10:45:00 PM,23406,28149,6895,65534,65534,902,6955,65534,65534,65534,65534,12730,2100,8292,10088,6445,UTC-04:00
05/12/2023 11:00:00 PM,23407,28131,6883,65534,65534,905,6940,65534,65534,65534,65534,12734,2100,8292,10087,6425,UTC-04:00
05/12/2023 11:15:00 PM,23408,28123,6871,65534,65534,907,6927,65534,65534,65534,65534,12775,2100,8286,10086,6418,UTC-04:00
05/12/2023 11:30:00 PM,23409,28109,6858,65534,65534,910,6913,65534,65534,65534,65534,12794,2100,8287,10085,6432,UTC-04:00
05/12/2023 11:45:00 PM,23410,28077,6847,65534,65534,912,6899,65534,65534,65534,65534,12788,2100,8282,10085,6447,UTC-04:00
05/13/2023 12:00:00 AM,23411,28062,6837,65534,65534,914,6887,65534,65534,65534,65534,12786,2100,8282,10085,6443,UTC-04:00
05/13/2023 12:15:00 AM,23413,28044,6827,65534,65534,917,6873,65534,65534,65534,65534,12700,2100,8258,10085,6478,UTC-04:00
05/13/2023 12:30:00 AM,23414,28031,6816,65534,65534,920,6861,65534,65534,65534,65534,12730,2100,8266,10086,6477,UTC-04:00
05/13/2023 12:45:00 AM,23415,28017,6805,65534,65534,922,6849,65534,65534,65534,65534,12744,2100,8264,10085,6439,UTC-04:00
05/13/2023 01:00:00 AM,23416,28005,6795,65534,65534,925,6837,65534,65534,65534,65534,12726,2100,8262,10084,6416,UTC-04:00
05/13/2023 01:15:00 AM,23417,27992,6785,65534,65534,927,6827,65534,65534,65534,65534,12732,2100,8259,10084,6404,UTC-04:00
05/13/2023 01:30:00 AM,23418,27983,6776,65534,65534,930,6818,65534,65534,65534,65534,12747,2100,8257,10086,6398,UTC-04:00
05/13/2023 01:45:00 AM,23419,27974,6767,65534,65534,933,6805,65534,65534,65534,65534,12769,2100,8253,10088,6393,UTC-04:00
05/13/2023 02:00:00 AM,23420,27961,6757,65534,65534,935,6796,65534,65534,65534,65534,12744,2100,8252,10089,6349,UTC-04:00
05/13/2023 02:15:00 AM,23421,27949,6748,65534,65534,939,6783,65534,65534,65534,65534,12728,2100,8253,10090,6320,UTC-04:00
05/13/2023 02:30:00 AM,23422,27939,6737,65534,65534,943,6774,65534,65534,65534,65534,12724,2100,8249,10091,6338,UTC-04:00
05/13/2023 02:45:00 AM,23423,27931,6727,65534,65534,946,6764,65534,65534,65534,65534,12747,2100,8247,10095,6362,UTC-04:00
05/13/2023 03:00:00 AM,23424,27924,6718,65534,65534,946,6751,65534,65534,65534,65534,12794,2100,8243,10097,6491,UTC-04:00
05/13/2023 03:15:00 AM,23425,27909,6708,65534,65534,945,6741,65534,65534,65534,65534,12854,2100,8244,10099,6572,UTC-04:00
05/13/2023 03:30:00 AM,23426,27909,6698,65534,65534,947,6729,65534,65534,65534,65534,12756,2100,8239,10102,6572,UTC-04:00
05/13/2023 03:45:00 AM,23427,27887,6689,65534,65534,950,6717,65534,65534,65534,65534,12691,2100,8241,10105,6559,UTC-04:00
05/13/2023 04:00:00 AM,23428,27874,6679,65534,65534,954,6706,65534,65534,65534,65534,12684,2100,8238,10109,6539,UTC-04:00
05/13/2023 04:15:00 AM,23429,27868,6669,65534,65534,958,6694,65534,65534,65534,65534,12729,2100,8234,10109,6526,UTC-04:00
05/13/2023 04:30:00 AM,23430,27866,6659,65534,65534,961,6683,65534,65534,65534,65534,12723,2100,8229,10111,6516,UTC-04:00
05/13/2023 04:45:00 AM,23431,27856,6649,65534,65534,963,6671,65534,65534,65534,65534,12713,2100,8226,10115,6476,UTC-04:00
05/13/2023 05:00:00 AM,23432,27854,6639,65534,65534,966,6661,65534,65534,65534,65534,12771,2100,8224,10120,6416,UTC-04:00
05/13/2023 05:15:00 AM,23433,27844,6628,65534,65534,970,6648,65534,65534,65534,65534,12684,2100,8220,10124,6359,UTC-04:00
05/13/2023 05:30:00 AM,23434,27840,6618,65534,65534,975,6635,65534,65534,65534,65534,12754,2100,8219,10128,6312,UTC-04:00
05/13/2023 05:45:00 AM,23435,27826,6607,65534,65534,981,6623,65534,65534,65534,65534,12715,2100,8217,10130,6272,UTC-04:00
05/13/2023 06:00:00 AM,23436,27829,6595,65534,65534,987,6608,65534,65534,65534,65534,12709,2100,8211,10132,6258,UTC-04:00
05/13/2023 06:15:00 AM,23437,27818,6583,65534,65534,991,6596,65534,65534,65534,65534,12605,2100,8209,10135,6262,UTC-04:00
05/13/2023 06:30:00 AM,23438,27812,6572,65534,65534,996,6582,65534,65534,65534,65534,12682,2100,8205,10138,6269,UTC-04:00
05/13/2023 06:45:00 AM,23439,27806,6560,65534,65534,1001,6569,65534,65534,65534,65534,12618,2100,8206,10140,6288,UTC-04:00
05/13/2023 07:00:00 AM,23440,27801,6549,65534,65534,1005,6560,65534,65534,65534,65534,12655,2100,8208,10141,6312,UTC-04:00
05/13/2023 07:15:00 AM,23441,27798,6538,65534,65534,1008,6550,65534,65534,65534,65534,12622,2100,8213,10142,6346,UTC-04:00
05/13/2023 07:30:00 AM,23442,27793,6529,65534,65534,1013,6544,65534,65534,65534,65534,12650,2100,8222,10143,6388,UTC-04:00
05/13/2023 07:45:00 AM,23443,27784,6520,65534,65534,1017,6537,65534,65534,65534,65534,12671,2100,8228,10143,6428,UTC-04:00
05/13/2023 08:00:00 AM,23444,27775,6512,65534,65534,1021,6528,65534,65534,65534,65534,12650,2100,8237,10143,6470,UTC-04:00
05/13/2023 08:15:00 AM,23445,27768,6506,65534,65534,1024,6527,65534,65534,65534,65534,12674,2100,8251,10143,6522,UTC-04:00
05/13/2023 08:30:00 AM,23446,27759,6500,65534,65534,1027,6525,65534,65534,65534,65534,12736,2100,8263,10143,6566,UTC-04:00
05/13/2023 08:45:00 AM,23447,27749,6495,65534,65534,1030,6527,65534,65534,65534,65534,12721,2100,8280,10143,6610,UTC-04:00
05/13/2023 09:00:00 AM,23448,27743,6490,65534,65534,1032,6527,65534,65534,65534,65534,12649,2100,8301,10142,6651,UTC-04:00
05/13/2023 09:15:00 AM,23449,27736,6490,65534,65534,1033,6528,65534,65534,65534,65534,12671,2100,8321,10141,6692,UTC-04:00
05/13/2023 09:30:00 AM,23450,27731,6490,65534,65534,1034,6537,65534,65534,65534,65534,12692,2100,8343,10140,6742,UTC-04:00
05/13/2023 09:45:00 AM,23451,27726,6494,65534,65534,1034,6544,65534,65534,65534,65534,12671,2100,8368,10137,6779,UTC-04:00
05/13/2023 10:00:00 AM,23452,27722,6500,65534,65534,1033,6559,65534,65534,1836,6621,12696,2100,8390,10136,6814,UTC-04:00
05/13/2023 10:15:00 AM,23453,27717,6507,65534,65534,1033,6571,65534,65534,1425,6472,12668,2100,8412,10135,6864,UTC-04:00
05/13/2023 10:30:00 AM,23454,27716,6516,65534,65534,1031,6589,65534,65534,1821,6700,12675,2100,8437,10133,6903,UTC-04:00
05/13/2023 10:45:00 AM,23455,27716,6526,65534,65534,1028,6608,65534,65534,1823,6747,12747,2100,8459,10130,6927,UTC-04:00
05/13/2023 11:00:00 AM,23456,27714,6539,65534,65534,1027,6628,65534,65534,1825,6774,12711,2100,8478,10128,6961,UTC-04:00
05/13/2023 11:15:00 AM,23457,27716,6555,65534,65534,1025,6651,65534,65534,65534,65534,12685,2100,8480,10127,6992,UTC-04:00
05/13/2023 11:30:00 AM,23458,27715,6573,65534,65534,1025,6675,65534,65534,65534,65534,12752,2100,8463,10125,7009,UTC-04:00
05/13/2023 11:45:00 AM,23459,27715,6593,65534,65534,1024,6699,65534,65534,65534,65534,12828,2100,8453,10123,6996,UTC-04:00
05/13/2023 12:00:00 PM,23460,27714,6615,65534,65534,1022,6726,65534,65534,65534,65534,12845,2100,8450,10121,6979,UTC-04:00
05/13/2023 12:15:00 PM,23461,27716,6639,65534,65534,1020,6753,65534,65534,65534,65534,12777,2100,8441,10118,6977,UTC-04:00
05/13/2023 12:30:00 PM,23462,27718,6663,65534,65534,1018,6783,65534,65534,65534,65534,12786,2100,8434,10116,6984,UTC-04:00
05/13/2023 12:45:00 PM,23463,27718,6689,65534,65534,1017,6811,65534,65534,65534,65534,12839,2100,8428,10114,6990,UTC-04:00
05/13/2023 01:00:00 PM,23464,27721,6717,65534,65534,1015,6845,65534,65534,65534,65534,12920,2100,8422,10112,7012,UTC-04:00
05/13/2023 01:15:00 PM,23465,27728,6747,65534,65534,1013,6874,65534,65534,65534,65534,12899,2100,8415,10110,7038,UTC-04:00
05/13/2023 01:30:00 PM,23466,27725,6776,65534,65534,1011,6906,65534,65534,65534,65534,12796,2100,8428,10109,7078,UTC-04:00
05/13/2023 01:45:00 PM,23467,27729,6804,65534,65534,1008,6939,65534,65534,1720,7468,12788,2100,8453,10107,7139,UTC-04:00
05/13/2023 02:00:00 PM,23468,27732,6831,65534,65534,1006,6967,65534,65534,1718,7499,12851,2100,8475,10105,7210,UTC-04:00
05/13/2023 02:15:00 PM,23469,27735,6859,65534,65534,1004,6996,65534,65534,1716,7534,12842,2100,8491,10103,7272,UTC-04:00
05/13/2023 02:30:00 PM,23470,27737,6887,65534,65534,1002,7023,65534,65534,1713,7572,12819,2100,8504,10101,7321,UTC-04:00
05/13/2023 02:45:00 PM,23471,27742,6914,65534,65534,999,7049,65534,65534,1712,7603,12814,2100,8512,10100,7336,UTC-04:00
05/13/2023 03:00:00 PM,23472,27749,6939,65534,65534,997,7074,65534,65534,1714,7620,12812,2100,8517,10099,7353,UTC-04:00
05/13/2023 03:15:00 PM,23473,27754,6963,65534,65534,996,7096,65534,65534,1715,7632,12829,2100,8519,10097,7376,UTC-04:00
05/13/2023 03:30:00 PM,23474,27759,6986,65534,65534,994,7115,65534,65534,1721,7637,12910,2100,8521,10097,7391,UTC-04:00
05/13/2023 03:45:00 PM,23475,27765,7005,65534,65534,994,7132,65534,65534,1728,7637,12894,2100,8522,10097,7402,UTC-04:00
05/13/2023 04:00:00 PM,23476,27769,7025,65534,65534,994,7149,65534,65534,1733,7637,12872,2100,8517,10097,7415,UTC-04:00
05/13/2023 04:15:00 PM,23477,27776,7040,65534,65534,994,7159,65534,65534,1738,7625,12868,2100,8511,10095,7419,UTC-04:00
05/13/2023 04:30:00 PM,23478,27772,7053,65534,65534,994,7169,65534,65534,1745,7607,12836,2100,8504,10096,7404,UTC-04:00
05/13/2023 04:45:00 PM,23479,27778,7060,65534,65534,993,7174,65534,65534,1754,7579,12826,2100,8494,10097,7383,UTC-04:00
05/13/2023 05:00:00 PM,23480,27779,7070,65534,65534,991,7180,65534,65534,1767,7538,12866,2100,8485,10098,7342,UTC-04:00
05/13/2023 05:15:00 PM,23481,27781,7070,65534,65534,991,7178,65534,65534,1781,7491,12800,2100,8476,10099,7334,UTC-04:00
05/13/2023 05:30:00 PM,23482,27784,7070,65534,65534,990,7174,65534,65534,1792,7449,12746,2100,8467,10101,7304,UTC-04:00
05/13/2023 05:45:00 PM,23483,27782,7070,65534,65534,989,7170,65534,65534,1807,7399,12718,2100,8457,10104,7257,UTC-04:00
05/13/2023 06:00:00 PM,23484,27786,7070,65534,65534,986,7166,65534,65534,1823,7343,12727,2100,8450,10107,7196,UTC-04:00
05/13/2023 06:15:00 PM,23485,27783,7063,65534,65534,985,7156,65534,65534,1838,7289,12695,2100,8441,10110,7131,UTC-04:00
05/13/2023 06:30:00 PM,23486,27780,7058,65534,65534,984,7145,65534,65534,1853,7240,12719,2100,8433,10112,7099,UTC-04:00
05/13/2023 06:45:00 PM,23487,27779,7048,65534,65534,983,7131,65534,65534,1871,7175,12715,2100,8426,10116,7018,UTC-04:00
05/13/2023 07:00:00 PM,23488,27772,7037,65534,65534,981,7115,65534,65534,1883,7138,12747,2100,8420,10118,6934,UTC-04:00
05/13/2023 07:15:00 PM,23489,27764,7025,65534,65534,981,7096,65534,65534,1900,7088,12705,2100,8410,10122,6866,UTC-04:00
05/13/2023 07:30:00 PM,23490,27757,7007,65534,65534,981,7073,65534,65534,65534,65534,12742,2100,8407,10127,6800,UTC-04:00
05/13/2023 07:45:00 PM,23491,27754,6990,65534,65534,982,7048,65534,65534,65534,65534,12741,2100,8402,10133,6733,UTC-04:00
05/13/2023 08:00:00 PM,23492,27750,6972,65534,65534,984,7021,65534,65534,65534,65534,12705,2100,8393,10137,6664,UTC-04:00
05/13/2023 08:15:00 PM,23493,27739,6953,65534,65534,987,6997,65534,65534,65534,65534,12714,2100,8387,10140,6593,UTC-04:00
05/13/2023 08:30:00 PM,23494,27729,6933,65534,65534,989,6969,65534,65534,65534,65534,12736,2100,8381,10141,6536,UTC-04:00
05/13/2023 08:45:00 PM,23495,27721,6913,65534,65534,991,6942,65534,65534,65534,65534,12699,2100,8375,10142,6508,UTC-04:00
05/13/2023 09:00:00 PM,23496,27708,6893,65534,65534,994,6919,65534,65534,65534,65534,12695,2100,8371,10144,6469,UTC-04:00
05/13/2023 09:15:00 PM,23497,27706,6871,65534,65534,999,6893,65534,65534,65534,65534,12703,2100,8365,10148,6417,UTC-04:00
05/13/2023 09:30:00 PM,23498,27693,6850,65534,65534,1005,6868,65534,65534,65534,65534,12697,2100,8361,10154,6364,UTC-04:00
05/13/2023 09:45:00 PM,23499,27689,6832,65534,65534,1010,6845,65534,65534,65534,65534,12708,2100,8355,10158,6309,UTC-04:00
05/13/2023 10:00:00 PM,23500,27678,6813,65534,65534,1015,6821,65534,65534,65534,65534,12691,2100,8349,10158,6250,UTC-04:00
05/13/2023 10:15:00 PM,23501,27670,6795,65534,65534,1021,6800,65534,65534,65534,65534,12718,2100,8346,10160,6209,UTC-04:00
05/13/2023 10:30:00 PM,23502,27659,6775,65534,65534,1026,6779,65534,65534,65534,65534,12666,2100,8337,10164,6171,UTC-04:00
05/13/2023 10:45:00 PM,23503,27653,6757,65534,65534,1033,6757,65534,65534,65534,65534,12652,2100,8334,10165,6098,UTC-04:00
05/13/2023 11:00:00 PM,23504,27639,6739,65534,65534,1040,6737,65534,65534,65534,65534,12636,2100,8330,10167,6065,UTC-04:00
05/13/2023 11:15:00 PM,23505,27632,6720,65534,65534,1046,6717,65534,65534,1994,6564,12601,2100,8324,10170,6039,UTC-04:00
05/13/2023 11:30:00 PM,23506,27633,6703,65534,65534,1053,6697,65534,65534,1997,6549,12605,2100,8327,10170,5983,UTC-04:00
05/13/2023 11:45:00 PM,23507,27620,6686,65534,65534,1060,6677,65534,65534,2000,6530,12627,2100,8324,10173,5969,UTC-04:00
05/14/2023 12:00:00 AM,23508,27613,6669,65534,65534,1067,6659,65534,65534,2003,6508,12560,2100,8324,10173,5946,UTC-04:00
05/14/2023 12:15:00 AM,23510,27605,6654,65534,65534,1073,6640,65534,65534,2007,6491,12574,2100,8282,10175,5953,UTC-04:00
05/14/2023 12:30:00 AM,23511,27599,6637,65534,65534,1080,6623,65534,65534,2012,6469,12567,2100,8297,10177,5926,UTC-04:00
05/14/2023 12:45:00 AM,23512,27592,6622,65534,65534,1087,6605,65534,65534,2014,6451,12569,2100,8296,10177,5860,UTC-04:00
05/14/2023 01:00:00 AM,23513,27590,6606,65534,65534,1095,6587,65534,65534,65534,65534,12513,2100,8297,10178,5804,UTC-04:00
05/14/2023 01:15:00 AM,23514,27584,6590,65534,65534,1103,6569,65534,65534,65534,65534,12552,2100,8292,10179,5722,UTC-04:00
05/14/2023 01:30:00 AM,23515,27587,6574,65534,65534,1110,6553,65534,65534,65534,65534,12560,2100,8289,10178,5711,UTC-04:00
05/14/2023 01:45:00 AM,23516,27582,6558,65534,65534,1116,6535,65534,65534,65534,65534,12587,2100,8282,10179,5747,UTC-04:00
05/14/2023 02:00:00 AM,23517,27579,6544,65534,65534,1122,6519,65534,65534,65534,65534,12593,2100,8285,10180,5755,UTC-04:00
05/14/2023 02:15:00 AM,23518,27573,6529,65534,65534,1129,6503,65534,65534,65534,65534,12557,2100,8281,10180,5738,UTC-04:00
05/14/2023 02:30:00 AM,23519,27568,6517,65534,65534,1134,6487,65534,65534,65534,65534,12579,2100,8271,10180,5733,UTC-04:00
05/14/2023 02:45:00 AM,23520,27565,6503,65534,65534,1139,6471,65534,65534,65534,65534,12535,2100,8270,10182,5729,UTC-04:00
05/14/2023 03:00:00 AM,23521,27564,6488,65534,65534,1145,6455,65534,65534,65534,65534,12543,2100,8267,10184,5679,UTC-04:00
05/14/2023 03:15:00 AM,23522,27558,6475,65534,65534,1156,6440,65534,65534,65534,65534,12555,2100,8263,10185,5628,UTC-04:00
05/14/2023 03:30:00 AM,23523,27559,6461,65534,65534,1168,6426,65534,65534,65534,65534,12545,2100,8259,10186,5600,UTC-04:00
05/14/2023 03:45:00 AM,23524,27555,6445,65534,65534,1178,6411,65534,65534,65534,65534,12513,2100,8257,10186,5580,UTC-04:00
05/14/2023 04:00:00 AM,23525,27551,6433,65534,65534,1189,6394,65534,65534,65534,65534,12559,2100,8251,10187,5513,UTC-04:00
05/14/2023 04:15:00 AM,23526,27547,6419,65534,65534,1199,6381,65534,65534,65534,65534,12542,2100,8250,10187,5514,UTC-04:00
05/14/2023 04:30:00 AM,23527,27543,6405,65534,65534,1209,6366,65534,65534,65534,65534,12537,2100,8245,10188,5462,UTC-04:00
05/14/2023 04:45:00 AM,23528,27541,6393,65534,65534,1220,6353,65534,65534,65534,65534,12559,2100,8241,10189,5402,UTC-04:00
05/14/2023 05:00:00 AM,23529,27537,6380,65534,65534,1230,6338,65534,65534,2054,6186,12522,2100,8240,10190,5364,UTC-04:00
05/14/2023 05:15:00 AM,23530,27534,6367,65534,65534,1239,6323,65534,65534,2057,6171,12560,2100,8244,10191,5380,UTC-04:00
05/14/2023 05:30:00 AM,23531,27535,6355,65534,65534,1250,6311,65534,65534,2060,6157,12523,2100,8241,10192,5297,UTC-04:00
05/14/2023 05:45:00 AM,23532,27525,6343,65534,65534,1262,6297,65534,65534,2063,6143,12524,2100,8237,10193,5249,UTC-04:00
05/14/2023 06:00:00 AM,23533,27527,6330,65534,65534,1273,6283,65534,65534,2064,6129,12527,2100,8238,10194,5221,UTC-04:00
05/14/2023 06:15:00 AM,23534,27526,6317,65534,65534,1284,6270,65534,65534,2063,6120,12524,2100,8235,10195,5239,UTC-04:00
05/14/2023 06:30:00 AM,23535,27522,6305,65534,65534,1295,6258,65534,65534,2061,6115,12587,2100,8238,10196,5283,UTC-04:00
05/14/2023 06:45:00 AM,23536,27522,6294,65534,65534,1305,6248,65534,65534,2056,6115,12541,2100,8237,10198,5371,UTC-04:00
05/14/2023 07:00:00 AM,23537,27522,6283,65534,65534,1314,6236,65534,65534,2051,6123,12554,2100,8241,10200,5524,UTC-04:00
05/14/2023 07:15:00 AM,23538,27517,6274,65534,65534,1322,6233,65534,65534,2045,6132,12523,2100,8241,10200,5631,UTC-04:00
05/14/2023 07:30:00 AM,23539,27515,6267,65534,65534,1329,6232,65534,65534,2040,6145,12546,2100,8251,10201,5725,UTC-04:00
05/14/2023 07:45:00 AM,23540,27513,6260,65534,65534,1334,6232,65534,65534,65534,65534,12532,2100,8258,10202,5868,UTC-04:00
05/14/2023 08:00:00 AM,23541,27510,6254,65534,65534,1335,6231,65534,65534,65534,65534,12535,2100,8264,10203,5921,UTC-04:00
05/14/2023 08:15:00 AM,23542,27516,6250,65534,65534,1334,6233,65534,65534,65534,65534,12567,2100,8283,10203,5987,UTC-04:00
05/14/2023 08:30:00 AM,23543,27534,6250,65534,65534,1332,6233,65534,65534,65534,65534,12597,2100,8301,10204,6051,UTC-04:00
05/14/2023 08:45:00 AM,23544,27519,6250,65534,65534,1330,6240,65534,65534,65534,65534,12598,2100,8320,10204,6105,UTC-04:00
05/14/2023 09:00:00 AM,23545,27516,6250,65534,65534,1323,6246,65534,65534,65534,65534,12586,2100,8341,10204,6144,UTC-04:00
05/14/2023 09:15:00 AM,23546,27507,6250,65534,65534,1316,6250,65534,65534,65534,65534,12568,2100,8367,10204,6178,UTC-04:00
05/14/2023 09:30:00 AM,23547,27504,6250,65534,65534,1311,6259,65534,65534,65534,65534,12625,2100,8390,10205,6216,UTC-04:00
05/14/2023 09:45:00 AM,23548,27505,6255,65534,65534,1305,6270,65534,65534,65534,65534,12596,2100,8416,10205,6234,UTC-04:00
05/14/2023 10:00:00 AM,23549,27515,6260,65534,65534,1302,6281,65534,65534,65534,65534,12641,2100,8442,10205,6262,UTC-04:00
05/14/2023 10:15:00 AM,23550,27510,6270,65534,65534,1300,6294,65534,65534,1964,6362,12605,2100,8470,10204,6287,UTC-04:00
05/14/2023 10:30:00 AM,23551,27504,6279,65534,65534,1296,6310,65534,65534,1966,6386,12631,2100,8503,10202,6324,UTC-04:00
05/14/2023 10:45:00 AM,23552,27499,6292,65534,65534,1294,6325,65534,65534,1956,6429,12645,2100,8531,10200,6356,UTC-04:00
05/14/2023 11:00:00 AM,23553,27499,6305,65534,65534,1292,6346,65534,65534,1932,6482,12690,2100,8554,10201,6401,UTC-04:00
05/14/2023 11:15:00 AM,23554,27496,6320,65534,65534,1289,6369,65534,65534,1911,6539,12698,2100,8555,10199,6425,UTC-04:00
05/14/2023 11:30:00 AM,23555,27494,6339,65534,65534,1284,6392,65534,65534,1898,6599,12654,2100,8542,10197,6433,UTC-04:00
05/14/2023 11:45:00 AM,23556,27492,6359,65534,65534,1280,6416,65534,65534,1890,6661,12720,2100,8529,10196,6409,UTC-04:00
05/14/2023 12:00:00 PM,23557,27491,6380,65534,65534,1276,6444,65534,65534,1874,6721,12690,2100,8523,10195,6391,UTC-04:00
05/14/2023 12:15:00 PM,23558,27491,6402,65534,65534,1271,6471,65534,65534,1864,6775,12628,2100,8518,10195,6390,UTC-04:00
05/14/2023 12:30:00 PM,23559,27492,6428,65534,65534,1268,6497,65534,65534,1853,6831,12700,2100,8514,10193,6399,UTC-04:00
05/14/2023 12:45:00 PM,23560,27489,6452,65534,65534,1263,6525,65534,65534,1843,6889,12725,2100,8507,10192,6411,UTC-04:00
05/14/2023 01:00:00 PM,23561,27489,6479,65534,65534,1258,6553,65534,65534,1848,6938,12694,2100,8506,10191,6427,UTC-04:00
05/14/2023 01:15:00 PM,23562,27489,6504,65534,65534,1253,6577,65534,65534,1837,6981,12691,2100,8501,10189,6443,UTC-04:00
05/14/2023 01:30:00 PM,23563,27488,6529,65534,65534,1248,6603,65534,65534,1829,7023,12745,2100,8520,10186,6488,UTC-04:00
05/14/2023 01:45:00 PM,23564,27485,6554,65534,65534,1243,6629,65534,65534,1825,7050,12680,2100,8554,10185,6540,UTC-04:00
05/14/2023 02:00:00 PM,23565,27486,6579,65534,65534,1241,6652,65534,65534,65534,65534,12725,2100,8579,10183,6615,UTC-04:00
05/14/2023 02:15:00 PM,23566,27487,6605,65534,65534,1237,6675,65534,65534,65534,65534,12721,2100,8594,10183,6664,UTC-04:00
05/14/2023 02:30:00 PM,23567,27485,6629,65534,65534,1233,6697,65534,65534,65534,65534,12684,2100,8610,10183,6689,UTC-04:00
05/14/2023 02:45:00 PM,23568,27485,6651,65534,65534,1229,6718,65534,65534,65534,65534,12711,2100,8618,10182,6708,UTC-04:00
05/14/2023 03:00:00 PM,23569,27485,6673,65534,65534,1226,6737,65534,65534,65534,65534,12727,2100,8624,10181,6717,UTC-04:00
05/14/2023 03:15:00 PM,23570,27488,6694,65534,65534,1224,6754,65534,65534,65534,65534,12705,2100,8627,10179,6724,UTC-04:00
05/14/2023 03:30:00 PM,23571,27489,6713,65534,65534,1223,6769,65534,65534,65534,65534,12711,2100,8629,10177,6745,UTC-04:00
05/14/2023 03:45:00 PM,23572,27487,6730,65534,65534,1222,6781,65534,65534,65534,65534,12707,2100,8627,10175,6747,UTC-04:00
05/14/2023 04:00:00 PM,23573,27486,6747,65534,65534,1221,6793,65534,65534,65534,65534,12711,2100,8626,10174,6759,UTC-04:00
05/14/2023 04:15:00 PM,23574,27486,6761,65534,65534,1220,6805,65534,65534,65534,65534,12707,2100,8615,10174,6771,UTC-04:00
05/14/2023 04:30:00 PM,23575,27486,6773,65534,65534,1219,6812,65534,65534,65534,65534,12699,2100,8609,10174,6774,UTC-04:00
05/14/2023 04:45:00 PM,23576,27484,6783,65534,65534,1219,6820,65534,65534,65534,65534,12714,2100,8600,10174,6777,UTC-04:00
05/14/2023 05:00:00 PM,23577,27485,6791,65534,65534,1218,6822,65534,65534,65534,65534,12705,2100,8591,10174,6768,UTC-04:00
05/14/2023 05:15:00 PM,23578,27485,6800,65534,65534,1215,6827,65534,65534,65534,65534,12679,2100,8580,10175,6759,UTC-04:00
05/14/2023 05:30:00 PM,23579,27482,6800,65534,65534,1213,6828,65534,65534,65534,65534,12671,2100,8566,10175,6748,UTC-04:00
05/14/2023 05:45:00 PM,23580,27480,6805,65534,65534,1212,6825,65534,65534,65534,65534,12721,2100,8559,10175,6744,UTC-04:00
05/14/2023 06:00:00 PM,23581,27478,6809,65534,65534,1212,6821,65534,65534,65534,65534,12687,2100,8549,10176,6726,UTC-04:00
05/14/2023 06:15:00 PM,23582,27477,6800,65534,65534,1211,6818,65534,65534,65534,65534,12725,2100,8540,10176,6709,UTC-04:00
05/14/2023 06:30:00 PM,23583,27471,6800,65534,65534,1211,6814,65534,65534,65534,65534,12727,2100,8529,10176,6683,UTC-04:00
05/14/2023 06:45:00 PM,23584,27463,6794,65534,65534,1212,6805,65534,65534,65534,65534,12765,2100,8525,10176,6658,UTC-04:00
05/14/2023 07:00:00 PM,23585,27457,6787,65534,65534,1215,6793,65534,65534,65534,65534,12762,2100,8517,10178,6622,UTC-04:00
05/14/2023 07:15:00 PM,23586,27458,6776,65534,65534,1221,6781,65534,65534,65534,65534,12717,2100,8509,10180,6580,UTC-04:00
05/14/2023 07:30:00 PM,23587,27455,6765,65534,65534,1233,6764,65534,65534,65534,65534,12714,2100,8502,10181,6537,UTC-04:00
05/14/2023 07:45:00 PM,23588,27449,6753,65534,65534,1245,6748,65534,65534,65534,65534,12694,2100,8498,10183,6475,UTC-04:00
05/14/2023 08:00:00 PM,23589,27445,6736,65534,65534,1257,6731,65534,65534,65534,65534,12722,2100,8493,10185,6401,UTC-04:00
05/14/2023 08:15:00 PM,23590,27444,6722,65534,65534,1270,6711,65534,65534,1987,6651,12692,2100,8485,10186,6274,UTC-04:00
05/14/2023 08:30:00 PM,23591,27438,6706,65534,65534,1282,6695,65534,65534,1994,6628,12634,2100,8481,10186,6112,UTC-04:00
05/14/2023 08:45:00 PM,23592,27438,6692,65534,65534,1295,6675,65534,65534,2001,6595,12589,2100,8482,10187,5985,UTC-04:00
05/14/2023 09:00:00 PM,23593,27431,6676,65534,65534,1307,6657,65534,65534,2006,6572,12561,2100,8472,10188,5856,UTC-04:00
05/14/2023 09:15:00 PM,23594,27427,6661,65534,65534,1319,6638,65534,65534,65534,65534,12551,2100,8472,10189,5742,UTC-04:00
05/14/2023 09:30:00 PM,23595,27424,6645,65534,65534,1330,6618,65534,65534,65534,65534,12541,2100,8469,10189,5652,UTC-04:00
05/14/2023 09:45:00 PM,23596,27424,6627,65534,65534,1341,6599,65534,65534,65534,65534,12545,2100,8461,10190,5579,UTC-04:00
05/14/2023 10:00:00 PM,23597,27420,6611,65534,65534,1352,6578,65534,65534,65534,65534,12530,2100,8461,10190,5507,UTC-04:00
05/14/2023 10:15:00 PM,23598,27417,6595,65534,65534,1363,6559,65534,65534,65534,65534,12553,2100,8457,10190,5452,UTC-04:00
05/14/2023 10:30:00 PM,23599,27412,6576,65534,65534,1374,6540,65534,65534,65534,65534,12566,2100,8456,10190,5406,UTC-04:00
05/14/2023 10:45:00 PM,23600,27413,6560,65534,65534,1385,6521,65534,65534,65534,65534,12538,2100,8454,10189,5381,UTC-04:00
05/14/2023 11:00:00 PM,23601,27408,6544,65534,65534,1395,6501,65534,65534,65534,65534,12539,2100,8450,10189,5335,UTC-04:00
05/14/2023 11:15:00 PM,23602,27407,6526,65534,65534,1404,6484,65534,65534,65534,65534,12556,2100,8450,10190,5301,UTC-04:00
05/14/2023 11:30:00 PM,23603,27405,6513,65534,65534,1414,6464,65534,65534,65534,65534,12549,2100,8448,10189,5269,UTC-04:00
05/14/2023 11:45:00 PM,23604,27402,6496,65534,65534,1423,6447,65534,65534,65534,65534,12534,2100,8447,10188,5264,UTC-04:00
05/15/2023 12:00:00 AM,23605,27398,6481,65534,65534,1433,6429,65534,65534,65534,65534,12542,2100,8444,10188,5256,UTC-04:00
05/15/2023 12:15:00 AM,23607,27394,6465,65534,65534,1443,6411,65534,65534,65534,65534,12557,2100,8405,10188,5251,UTC-04:00
05/15/2023 12:30:00 AM,23608,27395,6448,65534,65534,1453,6395,65534,65534,65534,65534,12517,2100,8422,10188,5238,UTC-04:00
05/15/2023 12:45:00 AM,23609,27389,6433,65534,65534,1462,6380,65534,65534,65534,65534,12528,2100,8417,10187,5215,UTC-04:00
05/15/2023 01:00:00 AM,23610,27387,6417,65534,65534,1472,6362,65534,65534,65534,65534,12521,2100,8418,10187,5208,UTC-04:00
05/15/2023 01:15:00 AM,23611,27382,6403,65534,65534,1482,6348,65534,65534,65534,65534,12538,2100,8418,10187,5206,UTC-04:00
05/15/2023 01:30:00 AM,23612,27383,6387,65534,65534,1492,6331,65534,65534,65534,65534,12531,2100,8419,10187,5215,UTC-04:00
05/15/2023 01:45:00 AM,23613,27377,6374,65534,65534,1502,6316,65534,65534,65534,65534,12498,2100,8421,10186,5204,UTC-04:00
05/15/2023 02:00:00 AM,23614,27376,6360,65534,65534,1512,6302,65534,65534,2072,6149,12516,2100,8418,10186,5169,UTC-04:00
05/15/2023 02:15:00 AM,23615,27375,6346,65534,65534,1521,6287,65534,65534,65534,65534,12529,2100,8415,10185,5146,UTC-04:00
05/15/2023 02:30:00 AM,23616,27367,6333,65534,65534,1531,6273,65534,65534,65534,65534,12520,2100,8416,10185,5137,UTC-04:00
05/15/2023 02:45:00 AM,23617,27372,6317,65534,65534,1542,6257,65534,65534,65534,65534,12554,2100,8414,10186,5129,UTC-04:00
05/15/2023 03:00:00 AM,23618,27368,6305,65534,65534,1552,6245,65534,65534,65534,65534,12509,2100,8412,10186,5087,UTC-04:00
05/15/2023 03:15:00 AM,23619,27373,6293,65534,65534,1561,6230,65534,65534,65534,65534,12492,2100,8414,10184,5063,UTC-04:00
05/15/2023 03:30:00 AM,23620,27376,6278,65534,65534,1571,6216,65534,65534,65534,65534,12508,2100,8412,10184,5064,UTC-04:00
05/15/2023 03:45:00 AM,23621,27371,6266,65534,65534,1581,6203,65534,65534,65534,65534,12501,2100,8408,10184,5061,UTC-04:00
05/15/2023 04:00:00 AM,23622,27366,6255,65534,65534,1591,6192,65534,65534,65534,65534,12528,2100,8409,10184,5044,UTC-04:00
05/15/2023 04:15:00 AM,23623,27364,6243,65534,65534,1600,6178,65534,65534,65534,65534,12545,2100,8407,10183,5024,UTC-04:00
05/15/2023 04:30:00 AM,23624,27368,6229,65534,65534,1609,6166,65534,65534,65534,65534,12529,2100,8406,10181,5013,UTC-04:00
05/15/2023 04:45:00 AM,23625,27370,6216,65534,65534,1619,6152,65534,65534,65534,65534,12568,2100,8405,10181,5030,UTC-04:00
05/15/2023 05:00:00 AM,23626,27366,6205,65534,65534,1628,6142,65534,65534,65534,65534,12512,2100,8404,10181,5046,UTC-04:00
05/15/2023 05:15:00 AM,23627,27365,6194,65534,65534,1638,6129,65534,65534,65534,65534,12542,2100,8401,10181,5031,UTC-04:00
05/15/2023 05:30:00 AM,23628,27364,6185,65534,65534,1647,6118,65534,65534,65534,65534,12529,2100,8403,10182,5002,UTC-04:00
05/15/2023 05:45:00 AM,23629,27363,6174,65534,65534,1655,6108,65534,65534,65534,65534,12520,2100,8398,10183,4995,UTC-04:00
05/15/2023 06:00:00 AM,23630,27357,6163,65534,65534,1662,6096,65534,65534,65534,65534,12530,2100,8399,10183,5005,UTC-04:00
05/15/2023 06:15:00 AM,23631,27355,6153,65534,65534,1670,6086,65534,65534,65534,65534,12526,2100,8401,10183,5059,UTC-04:00
05/15/2023 06:30:00 AM,23632,27353,6143,65534,65534,1678,6077,65534,65534,65534,65534,12512,2100,8401,10183,5151,UTC-04:00
05/15/2023 06:45:00 AM,23633,27348,6131,65534,65534,1686,6069,65534,65534,65534,65534,12533,2100,8403,10183,5235,UTC-04:00
05/15/2023 07:00:00 AM,23634,27345,6122,65534,65534,1693,6063,65534,65534,65534,65534,12522,2100,8405,10182,5312,UTC-04:00
05/15/2023 07:15:00 AM,23635,27348,6115,65534,65534,1700,6057,65534,65534,65534,65534,12539,2100,8412,10181,5410,UTC-04:00
05/15/2023 07:30:00 AM,23636,27351,6109,65534,65534,1707,6057,65534,65534,65534,65534,12490,2100,8419,10182,5543,UTC-04:00
05/15/2023 07:45:00 AM,23637,27347,6100,65534,65534,1712,6056,65534,65534,2061,6008,12496,2100,8431,10182,5700,UTC-04:00
05/15/2023 08:00:00 AM,23638,27347,6100,65534,65534,1716,6057,65534,65534,2060,6008,12530,2100,8443,10180,5844,UTC-04:00
05/15/2023 08:15:00 AM,23639,27349,6091,65534,65534,1721,6064,65534,65534,65534,65534,12523,2100,8456,10180,5965,UTC-04:00
05/15/2023 08:30:00 AM,23640,27345,6090,65534,65534,1725,6065,65534,65534,65534,65534,12576,2100,8468,10179,6095,UTC-04:00
05/15/2023 08:45:00 AM,23641,27347,6095,65534,65534,1726,6077,65534,65534,65534,65534,12629,2100,8479,10177,6194,UTC-04:00
05/15/2023 09:00:00 AM,23642,27346,6100,65534,65534,1728,6087,65534,65534,65534,65534,12566,2100,8484,10175,6233,UTC-04:00
05/15/2023 09:15:00 AM,23643,27345,6103,65534,65534,1729,6100,65534,65534,65534,65534,12589,2100,8494,10173,6267,UTC-04:00
05/15/2023 09:30:00 AM,23644,27346,6110,65534,65534,1731,6118,65534,65534,65534,65534,12623,2100,8504,10170,6323,UTC-04:00
05/15/2023 09:45:00 AM,23645,27347,6119,65534,65534,1732,6133,65534,65534,65534,65534,12630,2100,8532,10165,6406,UTC-04:00
05/15/2023 10:00:00 AM,23646,27341,6128,65534,65534,1734,6149,65534,65534,65534,65534,12642,2100,8553,10162,6554,UTC-04:00
05/15/2023 10:15:00 AM,23647,27341,6139,65534,65534,1735,6165,65534,65534,65534,65534,12674,2100,8575,10159,6659,UTC-04:00
05/15/2023 10:30:00 AM,23648,27339,6153,65534,65534,1735,6187,65534,65534,1950,6397,12627,2100,8592,10156,6749,UTC-04:00
05/15/2023 10:45:00 AM,23649,27338,6167,65534,65534,1735,6210,65534,65534,65534,65534,12647,2100,8603,10152,6829,UTC-04:00
05/15/2023 11:00:00 AM,23650,27330,6185,65534,65534,1732,6236,65534,65534,65534,65534,12661,2100,8612,10147,6898,UTC-04:00
05/15/2023 11:15:00 AM,23651,27331,6205,65534,65534,1730,6266,65534,65534,65534,65534,12661,2100,8608,10144,6961,UTC-04:00
05/15/2023 11:30:00 AM,23652,27326,6229,65534,65534,1726,6298,65534,65534,65534,65534,12702,2100,8599,10139,7011,UTC-04:00
05/15/2023 11:45:00 AM,23653,27327,6254,65534,65534,1721,6333,65534,65534,65534,65534,12721,2100,8589,10135,7063,UTC-04:00
05/15/2023 12:00:00 PM,23654,27325,6281,65534,65534,1717,6368,65534,65534,65534,65534,12704,2100,8584,10130,7090,UTC-04:00
05/15/2023 12:15:00 PM,23655,27328,6309,65534,65534,1713,6403,65534,65534,65534,65534,12699,2100,8578,10126,7130,UTC-04:00
05/15/2023 12:30:00 PM,23656,20936,6561,65534,65534,1958,6603,65534,65534,65534,65534,12702,2100,8576,10121,7172,UTC-04:00
05/15/2023 12:45:00 PM,23657,18347,7072,65534,65534,2128,6886,65534,65534,65534,65534,12832,2100,8569,10119,7374,UTC-04:00
05/15/2023 01:00:00 PM,23658,18238,6994,65534,65534,2068,7086,65534,65534,65534,65534,12771,2100,8558,10115,7426,UTC-04:00
05/15/2023 01:15:00 PM,23659,18258,7225,65534,65534,1964,7473,65534,65534,1823,7882,12825,2100,8545,10112,7475,UTC-04:00
05/15/2023 01:30:00 PM,23660,18253,7288,65534,65534,1934,7642,65534,65534,1821,8156,12796,2100,8535,10109,7535,UTC-04:00
05/15/2023 01:45:00 PM,23661,18236,7232,65534,65534,1987,7638,65534,65534,65534,65534,12791,2100,8521,10104,7530,UTC-04:00
05/15/2023 02:00:00 PM,23662,18208,7095,65534,65534,2035,7520,65534,65534,65534,65534,12778,2100,8505,10100,7468,UTC-04:00
05/15/2023 02:15:00 PM,23663,18191,7027,65534,65534,2059,7425,65534,65534,65534,65534,12775,2100,8491,10095,7392,UTC-04:00
05/15/2023 02:30:00 PM,23664,18177,6993,65534,65534,2073,7370,65534,65534,65534,65534,12862,2100,8478,10091,7333,UTC-04:00
05/15/2023 02:45:00 PM,23665,18213,7263,65534,65534,2052,7594,65534,65534,65534,65534,12834,2100,8486,10086,7362,UTC-04:00
05/15/2023 03:00:00 PM,23666,18261,7647,65534,65534,2042,7962,65534,65534,1945,8169,12840,2100,8483,10083,7516,UTC-04:00
05/15/2023 03:15:00 PM,23667,18240,7481,65534,65534,2050,7901,65534,65534,65534,65534,12784,2100,8471,10081,7550,UTC-04:00
05/15/2023 03:30:00 PM,23668,18235,7434,65534,65534,2052,7874,65534,65534,65534,65534,12773,2100,8466,10078,7520,UTC-04:00
05/15/2023 03:45:00 PM,23669,18231,7395,65534,65534,2055,7816,65534,65534,65534,65534,12785,2100,8459,10073,7485,UTC-04:00
05/15/2023 04:00:00 PM,23670,18225,7347,65534,65534,2062,7727,65534,65534,65534,65534,12821,2100,8451,10071,7429,UTC-04:00
05/15/2023 04:15:00 PM,23671,18225,7347,65534,65534,2069,7623,65534,65534,65534,65534,12789,2100,8445,10066,7382,UTC-04:00
05/15/2023 04:30:00 PM,23672,18224,7340,65534,65534,2075,7585,65534,65534,65534,65534,12819,2100,8437,10066,7354,UTC-04:00
05/15/2023 04:45:00 PM,23673,18218,7305,65534,65534,2079,7530,65534,65534,65534,65534,12877,2100,8434,10064,7321,UTC-04:00
05/15/2023 05:00:00 PM,23674,18218,7293,65534,65534,2084,7485,65534,65534,65534,65534,12846,2100,8422,10066,7301,UTC-04:00
05/15/2023 05:15:00 PM,23675,18211,7257,65534,65534,2086,7458,65534,65534,65534,65534,12798,2100,8416,10064,7278,UTC-04:00
05/15/2023 05:30:00 PM,23676,18200,7198,65534,65534,2088,7401,65534,65534,1970,7429,12899,2100,8409,10064,7241,UTC-04:00
05/15/2023 05:45:00 PM,23677,18192,7160,65534,65534,2090,7365,65534,65534,65534,65534,12784,2100,8403,10064,7207,UTC-04:00
05/15/2023 06:00:00 PM,23678,18184,7088,65534,65534,2091,7305,65534,65534,65534,65534,12824,2100,8397,10064,7157,UTC-04:00
05/15/2023 06:15:00 PM,23679,18175,7030,65534,65534,2095,7245,65534,65534,65534,65534,12812,2100,8390,10061,7108,UTC-04:00
05/15/2023 06:30:00 PM,23680,18174,6995,65534,65534,2099,7211,65534,65534,65534,65534,12866,2100,8386,10065,7070,UTC-04:00
05/15/2023 06:45:00 PM,23681,18166,6945,65534,65534,2098,7161,65534,65534,65534,65534,12771,2100,8380,10064,7032,UTC-04:00
05/15/2023 07:00:00 PM,23682,18167,6953,65534,65534,2101,7126,65534,65534,65534,65534,12681,2100,8374,10066,7008,UTC-04:00
05/15/2023 07:15:00 PM,23683,18169,6965,65534,65534,2106,7115,65534,65534,65534,65534,12792,2100,8368,10066,6996,UTC-04:00
05/15/2023 07:30:00 PM,23684,18162,6910,65534,65534,2107,7072,65534,65534,65534,65534,12791,2100,8358,10065,6964,UTC-04:00
05/15/2023 07:45:00 PM,23685,18155,6867,65534,65534,2110,7031,65534,65534,65534,65534,12739,2100,8358,10065,6924,UTC-04:00
05/15/2023 08:00:00 PM,23686,18097,6782,65534,65534,2109,6952,65534,65534,65534,65534,12765,2100,8355,10065,6875,UTC-04:00
05/15/2023 08:15:00 PM,23687,18140,6725,65534,65534,2113,6886,65534,65534,65534,65534,12756,2100,8349,10066,6827,UTC-04:00
05/15/2023 08:30:00 PM,23688,18139,6715,65534,65534,2116,6855,65534,65534,65534,65534,12706,2100,8343,10064,6802,UTC-04:00
05/15/2023 08:45:00 PM,23689,18137,6700,65534,65534,2118,6835,65534,65534,65534,65534,12745,2100,8339,10065,6779,UTC-04:00
05/15/2023 09:00:00 PM,23690,18136,6697,65534,65534,2119,6830,65534,65534,65534,65534,12709,2100,8336,10065,6765,UTC-04:00
05/15/2023 09:15:00 PM,23691,18133,6691,65534,65534,2120,6820,65534,65534,65534,65534,12722,2100,8335,10065,6753,UTC-04:00
05/15/2023 09:30:00 PM,23692,18133,6694,65534,65534,2120,6824,65534,65534,65534,65534,12750,2100,8334,10064,6748,UTC-04:00
05/15/2023 09:45:00 PM,23693,18136,6700,65534,65534,2120,6823,65534,65534,65534,65534,12734,2100,8330,10064,6746,UTC-04:00
05/15/2023 10:00:00 PM,23694,18138,6700,65534,65534,2119,6820,65534,65534,65534,65534,12768,2100,8327,10061,6748,UTC-04:00
05/15/2023 10:15:00 PM,23695,18139,6691,65534,65534,2119,6806,65534,65534,65534,65534,12716,2100,8324,10057,6739,UTC-04:00
05/15/2023 10:30:00 PM,23696,18136,6676,65534,65534,2119,6795,65534,65534,65534,65534,12813,2100,8323,10056,6727,UTC-04:00
05/15/2023 10:45:00 PM,23697,18135,6667,65534,65534,2118,6791,65534,65534,65534,65534,12764,2100,8323,10053,6720,UTC-04:00
05/15/2023 11:00:00 PM,23698,18137,6658,65534,65534,2118,6781,65534,65534,65534,65534,12775,2100,8320,10051,6714,UTC-04:00
05/15/2023 11:15:00 PM,23699,18135,6663,65534,65534,2117,6779,65534,65534,65534,65534,12753,2100,8317,10050,6710,UTC-04:00
05/15/2023 11:30:00 PM,23700,18129,6609,65534,65534,2119,6758,65534,65534,65534,65534,12737,2100,8317,10048,6688,UTC-04:00
05/15/2023 11:45:00 PM,23701,18118,6512,65534,65534,2119,6716,65534,65534,65534,65534,12678,2100,8315,10045,6644,UTC-04:00
05/16/2023 12:00:00 AM,23702,18108,6408,65534,65534,2119,6651,65534,65534,65534,65534,12655,2100,8313,10044,6576,UTC-04:00
05/16/2023 12:15:00 AM,23704,18102,6361,65534,65534,2120,6594,65534,65534,65534,65534,12613,2100,8287,10045,6538,UTC-04:00
05/16/2023 12:30:00 AM,23705,18102,6339,65534,65534,2121,6559,65534,65534,65534,65534,12700,2100,8284,10042,6497,UTC-04:00
05/16/2023 12:45:00 AM,23706,18098,6353,65534,65534,2121,6556,65534,65534,65534,65534,12680,2100,8292,10041,6481,UTC-04:00
05/16/2023 01:00:00 AM,23707,18101,6353,65534,65534,2121,6562,65534,65534,65534,65534,12666,2100,8291,10040,6475,UTC-04:00
05/16/2023 01:15:00 AM,23708,18100,6347,65534,65534,2121,6560,65534,65534,65534,65534,12694,2100,8290,10038,6468,UTC-04:00
05/16/2023 01:30:00 AM,23709,18098,6331,65534,65534,2119,6554,65534,65534,65534,65534,12667,2100,8289,10036,6455,UTC-04:00
05/16/2023 01:45:00 AM,23710,18110,6413,65534,65534,2117,6589,65534,65534,65534,65534,12692,2100,8287,10035,6481,UTC-04:00
05/16/2023 02:00:00 AM,23711,18116,6490,65534,65534,2116,6631,65534,65534,65534,65534,12694,2100,8284,10032,6523,UTC-04:00
05/16/2023 02:15:00 AM,23712,18118,6511,65534,65534,2114,6649,65534,65534,65534,65534,12665,2100,8282,10032,6544,UTC-04:00
05/16/2023 02:30:00 AM,23713,18123,6531,65534,65534,2113,6662,65534,65534,65534,65534,12652,2100,8279,10030,6564,UTC-04:00
05/16/2023 02:45:00 AM,23714,18118,6531,65534,65534,2112,6663,65534,65534,65534,65534,12655,2100,8278,10028,6570,UTC-04:00
05/16/2023 03:00:00 AM,23715,18117,6530,65534,65534,2111,6660,65534,65534,65534,65534,12655,2100,8280,10026,6573,UTC-04:00
05/16/2023 03:15:00 AM,23716,18117,6518,65534,65534,2111,6652,65534,65534,65534,65534,12667,2100,8277,10023,6568,UTC-04:00
05/16/2023 03:30:00 AM,23717,18116,6513,65534,65534,2111,6641,65534,65534,65534,65534,12683,2100,8273,10021,6565,UTC-04:00
05/16/2023 03:45:00 AM,23718,18113,6496,65534,65534,2111,6632,65534,65534,65534,65534,12671,2100,8269,10019,6555,UTC-04:00
05/16/2023 04:00:00 AM,23719,18112,6448,65534,65534,2113,6613,65534,65534,65534,65534,12652,2100,8267,10018,6537,UTC-04:00
05/16/2023 04:15:00 AM,23720,18102,6363,65534,65534,2114,6568,65534,65534,65534,65534,12644,2100,8263,10017,6493,UTC-04:00
05/16/2023 04:30:00 AM,23721,18100,6337,65534,65534,2114,6540,65534,65534,65534,65534,12665,2100,8264,10015,6462,UTC-04:00
05/16/2023 04:45:00 AM,23722,18099,6315,65534,65534,2114,6521,65534,65534,65534,65534,12669,2100,8263,10013,6441,UTC-04:00
05/16/2023 05:00:00 AM,23723,18104,6364,65534,65534,2113,6533,65534,65534,65534,65534,12674,2100,8260,10010,6449,UTC-04:00
05/16/2023 05:15:00 AM,23724,18103,6357,65534,65534,2113,6534,65534,65534,65534,65534,12662,2100,8260,10009,6447,UTC-04:00
05/16/2023 05:30:00 AM,23725,18099,6303,65534,65534,2113,6504,65534,65534,65534,65534,12673,2100,8256,10009,6418,UTC-04:00
05/16/2023 05:45:00 AM,23726,18095,6279,65534,65534,2113,6490,65534,65534,65534,65534,12675,2100,8256,10008,6399,UTC-04:00
05/16/2023 06:00:00 AM,23727,18089,6263,65534,65534,2114,6481,65534,65534,65534,65534,12659,2100,8255,10008,6378,UTC-04:00
05/16/2023 06:15:00 AM,23728,18080,6249,65534,65534,2114,6472,65534,65534,65534,65534,12637,2100,8248,10007,6358,UTC-04:00
05/16/2023 06:30:00 AM,23729,18088,6265,65534,65534,2112,6472,65534,65534,65534,65534,12695,2100,8251,10006,6359,UTC-04:00
05/16/2023 06:45:00 AM,23730,18089,6295,65534,65534,2111,6479,65534,65534,65534,65534,12713,2100,8252,10004,6367,UTC-04:00
05/16/2023 07:00:00 AM,23731,18096,6329,65534,65534,2110,6502,65534,65534,65534,65534,12695,2100,8251,10002,6378,UTC-04:00
05/16/2023 07:15:00 AM,23732,18097,6367,65534,65534,2108,6535,65534,65534,65534,65534,12668,2100,8251,10001,6395,UTC-04:00
05/16/2023 07:30:00 AM,23733,18109,6402,65534,65534,2108,6567,65534,65534,65534,65534,12659,2100,8251,10002,6418,UTC-04:00
05/16/2023 07:45:00 AM,23734,18113,6431,65534,65534,2106,6597,65534,65534,65534,65534,12664,2100,8250,10001,6438,UTC-04:00
05/16/2023 08:00:00 AM,23735,18110,6465,65534,65534,2103,6634,65534,65534,65534,65534,12653,2100,8247,9998,6460,UTC-04:00
05/16/2023 08:15:00 AM,23736,18126,6503,65534,65534,2099,6686,65534,65534,2001,6677,12727,2100,8251,9995,6484,UTC-04:00
05/16/2023 08:30:00 AM,23737,18121,6544,65534,65534,2095,6736,65534,65534,1999,6707,12688,2100,8244,9993,6516,UTC-04:00
05/16/2023 08:45:00 AM,23738,18129,6585,65534,65534,2093,6796,65534,65534,65534,65534,12711,2100,8243,9990,6551,UTC-04:00
05/16/2023 09:00:00 AM,23739,18135,6616,65534,65534,2090,6844,65534,65534,65534,65534,12758,2100,8241,9986,6582,UTC-04:00
05/16/2023 09:15:00 AM,23740,18134,6590,65534,65534,2090,6843,65534,65534,65534,65534,12727,2100,8238,9984,6591,UTC-04:00
05/16/2023 09:30:00 AM,23741,18135,6599,65534,65534,2086,6862,65534,65534,65534,65534,12751,2100,8236,9982,6595,UTC-04:00
05/16/2023 09:45:00 AM,23742,18139,6631,65534,65534,2083,6908,65534,65534,65534,65534,12791,2100,8236,9980,6612,UTC-04:00
05/16/2023 10:00:00 AM,23743,18149,6708,65534,65534,2078,7018,65534,65534,65534,65534,12705,2100,8240,9978,6651,UTC-04:00
05/16/2023 10:15:00 AM,23744,18166,6847,65534,65534,2071,7164,65534,65534,65534,65534,12749,2100,8250,9975,6750,UTC-04:00
05/16/2023 10:30:00 AM,23745,18171,6921,65534,65534,2063,7265,65534,65534,65534,65534,12720,2100,8254,9971,6856,UTC-04:00
05/16/2023 10:45:00 AM,23746,18172,6940,65534,65534,2058,7332,65534,65534,65534,65534,12751,2100,8260,9968,6913,UTC-04:00
05/16/2023 11:00:00 AM,23747,18177,6966,65534,65534,2044,7416,65534,65534,65534,65534,12777,2100,8269,9965,6967,UTC-04:00
05/16/2023 11:15:00 AM,23748,18192,7079,65534,65534,2005,7807,65534,65534,65534,65534,12904,2100,8285,9961,7063,UTC-04:00
05/16/2023 11:30:00 AM,23749,18202,7160,65534,65534,1987,8070,65534,65534,65534,65534,12838,2100,8295,9956,7153,UTC-04:00
05/16/2023 11:45:00 AM,23750,18220,7287,65534,65534,1977,8256,65534,65534,65534,65534,12808,2100,8299,9952,7224,UTC-04:00
05/16/2023 12:00:00 PM,23751,18237,7473,65534,65534,1979,8349,65534,65534,65534,65534,12787,2100,8301,9947,7293,UTC-04:00
05/16/2023 12:15:00 PM,23752,18254,7547,65534,65534,1986,8289,65534,65534,65534,65534,12821,2100,8304,9944,7336,UTC-04:00
05/16/2023 12:30:00 PM,23753,18257,7591,65534,65534,1988,8247,65534,65534,65534,65534,12765,2100,8307,9941,7365,UTC-04:00
05/16/2023 12:45:00 PM,23754,18250,7545,65534,65534,1997,8210,65534,65534,65534,65534,12760,2100,8308,9938,7376,UTC-04:00
05/16/2023 01:00:00 PM,23755,18259,7590,65534,65534,1998,8251,65534,65534,65534,65534,12774,2100,8311,9935,7400,UTC-04:00
05/16/2023 01:15:00 PM,23756,18272,7759,65534,65534,1991,8375,65534,65534,65534,65534,12810,2100,8311,9932,7439,UTC-04:00
05/16/2023 01:30:00 PM,23757,18283,7884,65534,65534,1988,8505,65534,65534,65534,65534,12830,2100,8311,9931,7505,UTC-04:00
05/16/2023 01:45:00 PM,23758,18283,7887,65534,65534,1999,8613,65534,65534,65534,65534,12851,2100,8317,9927,7574,UTC-04:00
05/16/2023 02:00:00 PM,23759,18284,7859,65534,65534,2007,8625,65534,65534,65534,65534,12869,2100,8318,9923,7624,UTC-04:00
05/16/2023 02:15:00 PM,23760,18294,7983,65534,65534,2000,8682,65534,65534,65534,65534,12898,2100,8325,9920,7694,UTC-04:00
05/16/2023 02:30:00 PM,23761,18286,7917,65534,65534,2016,8483,65534,65534,65534,65534,12885,2100,8325,9918,7731,UTC-04:00
05/16/2023 02:45:00 PM,23762,18292,7963,65534,65534,2017,8395,65534,65534,65534,65534,12924,2100,8329,9916,7742,UTC-04:00
05/16/2023 03:00:00 PM,23763,18296,7979,65534,65534,2037,8231,65534,65534,65534,65534,12951,2100,8328,9915,7751,UTC-04:00
05/16/2023 03:15:00 PM,23764,18296,7966,65534,65534,2048,8116,65534,65534,65534,65534,12973,2100,8325,9915,7744,UTC-04:00
05/16/2023 03:30:00 PM,23765,18266,7699,65534,65534,2058,7910,65534,65534,65534,65534,12875,2100,8321,9914,7660,UTC-04:00
05/16/2023 03:45:00 PM,23766,18251,7565,65534,65534,2068,7798,65534,65534,65534,65534,12819,2100,8314,9912,7571,UTC-04:00
05/16/2023 04:00:00 PM,23767,18241,7468,65534,65534,2074,7714,65534,65534,65534,65534,12850,2100,8314,9911,7506,UTC-04:00
05/16/2023 04:15:00 PM,23768,18226,7346,65534,65534,2076,7600,65534,65534,65534,65534,12826,2100,8303,9911,7431,UTC-04:00
05/16/2023 04:30:00 PM,23769,18218,7267,65534,65534,2080,7484,65534,65534,65534,65534,12843,2100,8296,9912,7366,UTC-04:00
05/16/2023 04:45:00 PM,23770,18209,7211,65534,65534,2084,7391,65534,65534,65534,65534,12839,2100,8294,9914,7308,UTC-04:00
05/16/2023 05:00:00 PM,23771,18196,7105,65534,65534,2087,7250,65534,65534,65534,65534,12850,2100,8289,9920,7221,UTC-04:00
05/16/2023 05:15:00 PM,23772,18135,6529,65534,65534,2089,6670,65534,65534,65534,65534,12694,2100,8285,9932,6833,UTC-04:00
05/16/2023 05:30:00 PM,23773,18102,6123,65534,65534,2107,6238,65534,65534,65534,65534,12679,2100,8279,9941,6464,UTC-04:00
05/16/2023 05:45:00 PM,23774,18087,5965,65534,65534,2124,6042,65534,65534,65534,65534,12677,2100,8276,9948,6237,UTC-04:00
05/16/2023 06:00:00 PM,23775,18085,5921,65534,65534,2133,5985,65534,65534,65534,65534,12654,2100,8272,9953,6110,UTC-04:00
05/16/2023 06:15:00 PM,23776,18078,5872,65534,65534,2134,5930,65534,65534,65534,65534,12575,2100,8273,9957,6009,UTC-04:00
05/16/2023 06:30:00 PM,23777,18076,5780,65534,65534,2136,5813,65534,65534,65534,65534,12561,2100,8267,9961,5894,UTC-04:00
05/16/2023 06:45:00 PM,23778,18077,5732,65534,65534,2134,5747,65534,65534,65534,65534,12539,2100,8267,9961,5830,UTC-04:00
05/16/2023 07:00:00 PM,23779,18075,5723,65534,65534,2135,5745,65534,65534,65534,65534,12544,2100,8266,9964,5796,UTC-04:00
05/16/2023 07:15:00 PM,23780,18079,5730,65534,65534,2133,5759,65534,65534,65534,65534,12524,2100,8265,9964,5792,UTC-04:00
05/16/2023 07:30:00 PM,23781,18076,5720,65534,65534,2132,5761,65534,65534,65534,65534,12524,2100,8263,9966,5783,UTC-04:00
05/16/2023 07:45:00 PM,23782,18074,5727,65534,65534,2134,5769,65534,65534,65534,65534,12551,2100,8260,9968,5775,UTC-04:00
05/16/2023 08:00:00 PM,23783,18072,5723,65534,65534,2133,5765,65534,65534,65534,65534,12532,2100,8263,9971,5771,UTC-04:00
05/16/2023 08:15:00 PM,23784,18074,5710,65534,65534,2132,5751,65534,65534,65534,65534,12520,2100,8258,9972,5766,UTC-04:00
05/16/2023 08:30:00 PM,23785,18068,5701,65534,65534,2132,5742,65534,65534,65534,65534,12517,2100,8257,9974,5757,UTC-04:00
05/16/2023 08:45:00 PM,23786,18068,5697,65534,65534,2130,5736,65534,65534,65534,65534,12518,2100,8258,9976,5751,UTC-04:00
05/16/2023 09:00:00 PM,23787,18067,5675,65534,65534,2128,5716,65534,65534,65534,65534,12498,2100,8257,9977,5734,UTC-04:00
05/16/2023 09:15:00 PM,23788,18063,5647,65534,65534,2127,5692,65534,65534,65534,65534,12476,2100,8254,9979,5710,UTC-04:00
05/16/2023 09:30:00 PM,23789,18061,5623,65534,65534,2126,5669,65534,65534,65534,65534,12500,2100,8252,9981,5686,UTC-04:00
05/16/2023 09:45:00 PM,23790,18059,5621,65534,65534,2125,5664,65534,65534,65534,65534,12496,2100,8251,9984,5675,UTC-04:00
05/16/2023 10:00:00 PM,23791,18056,5627,65534,65534,2126,5670,65534,65534,65534,65534,12489,2100,8246,9987,5673,UTC-04:00
05/16/2023 10:15:00 PM,23792,18056,5626,65534,65534,2127,5669,65534,65534,65534,65534,12475,2100,8249,9991,5672,UTC-04:00
05/16/2023 10:30:00 PM,23793,18055,5620,65534,65534,2125,5666,65534,65534,65534,65534,12478,2100,8243,9992,5666,UTC-04:00
05/16/2023 10:45:00 PM,23794,18053,5616,65534,65534,2124,5662,65534,65534,65534,65534,12504,2100,8244,9992,5661,UTC-04:00
05/16/2023 11:00:00 PM,23795,18051,5610,65534,65534,2124,5657,65534,65534,65534,65534,12469,2100,8244,9993,5655,UTC-04:00
05/16/2023 11:15:00 PM,23796,18050,5610,65534,65534,2125,5657,65534,65534,65534,65534,12503,2100,8241,9995,5653,UTC-04:00
05/16/2023 11:30:00 PM,23797,18051,5610,65534,65534,2125,5659,65534,65534,65534,65534,12500,2100,8239,9995,5650,UTC-04:00
05/16/2023 11:45:00 PM,23798,18049,5610,65534,65534,2127,5665,65534,65534,65534,65534,12509,2100,8234,9997,5646,UTC-04:00
05/17/2023 12:00:00 AM,23799,18047,5601,65534,65534,2126,5661,65534,65534,65534,65534,12487,2100,8235,9996,5641,UTC-04:00
05/17/2023 12:15:00 AM,23801,18047,5584,65534,65534,2130,5649,65534,65534,65534,65534,12508,2100,8206,9997,5642,UTC-04:00
05/17/2023 12:30:00 AM,23802,18044,5570,65534,65534,2130,5645,65534,65534,65534,65534,12490,2100,8214,9998,5625,UTC-04:00
05/17/2023 12:45:00 AM,23803,18044,5570,65534,65534,2129,5643,65534,65534,65534,65534,12480,2100,8216,9999,5611,UTC-04:00
05/17/2023 01:00:00 AM,23804,18044,5561,65534,65534,2129,5630,65534,65534,65534,65534,12461,2100,8216,9997,5604,UTC-04:00
05/17/2023 01:15:00 AM,23805,18046,5577,65534,65534,2127,5635,65534,65534,65534,65534,12502,2100,8217,9998,5609,UTC-04:00
05/17/2023 01:30:00 AM,23806,18048,5590,65534,65534,2129,5654,65534,65534,65534,65534,12490,2100,8219,9998,5615,UTC-04:00
05/17/2023 01:45:00 AM,23807,18046,5569,65534,65534,2130,5651,65534,65534,65534,65534,12473,2100,8214,9999,5601,UTC-04:00
05/17/2023 02:00:00 AM,23808,18039,5519,65534,65534,2133,5606,65534,65534,65534,65534,12461,2100,8215,9999,5563,UTC-04:00
05/17/2023 02:15:00 AM,23809,18035,5483,65534,65534,2133,5563,65534,65534,65534,65534,12465,2100,8211,10001,5524,UTC-04:00
05/17/2023 02:30:00 AM,23810,18037,5503,65534,65534,2136,5557,65534,65534,65534,65534,12494,2100,8212,10003,5512,UTC-04:00
05/17/2023 02:45:00 AM,23811,18043,5527,65534,65534,2137,5582,65534,65534,65534,65534,12472,2100,8213,10005,5517,UTC-04:00
05/17/2023 03:00:00 AM,23812,18040,5528,65534,65534,2135,5593,65534,65534,65534,65534,12455,2100,8210,10006,5524,UTC-04:00
05/17/2023 03:15:00 AM,23813,18041,5550,65534,65534,2129,5609,65534,65534,65534,65534,12482,2100,8210,10007,5561,UTC-04:00
05/17/2023 03:30:00 AM,23814,18039,5553,65534,65534,2129,5619,65534,65534,65534,65534,12485,2100,8212,10009,5575,UTC-04:00
05/17/2023 03:45:00 AM,23815,18039,5550,65534,65534,2127,5613,65534,65534,65534,65534,12479,2100,8211,10011,5585,UTC-04:00
05/17/2023 04:00:00 AM,23816,18037,5540,65534,65534,2127,5604,65534,65534,65534,65534,12456,2100,8210,10012,5585,UTC-04:00
05/17/2023 04:15:00 AM,23817,18036,5522,65534,65534,2129,5588,65534,65534,65534,65534,12475,2100,8209,10014,5575,UTC-04:00
05/17/2023 04:30:00 AM,23818,18034,5527,65534,65534,2130,5582,65534,65534,65534,65534,12449,2100,8206,10017,5571,UTC-04:00
05/17/2023 04:45:00 AM,23819,18035,5530,65534,65534,2131,5588,65534,65534,65534,65534,12464,2100,8208,10019,5569,UTC-04:00
05/17/2023 05:00:00 AM,23820,18033,5511,65534,65534,2130,5567,65534,65534,65534,65534,12460,2100,8206,10021,5557,UTC-04:00
05/17/2023 05:15:00 AM,23821,18030,5491,65534,65534,2130,5542,65534,65534,65534,65534,12495,2100,8204,10023,5539,UTC-04:00
05/17/2023 05:30:00 AM,23822,18030,5479,65534,65534,2132,5529,65534,65534,65534,65534,12451,2100,8203,10026,5526,UTC-04:00
05/17/2023 05:45:00 AM,23823,18026,5463,65534,65534,2131,5513,65534,65534,65534,65534,12467,2100,8196,10028,5515,UTC-04:00
05/17/2023 06:00:00 AM,23824,18024,5451,65534,65534,2131,5508,65534,65534,65534,65534,12462,2100,8193,10030,5502,UTC-04:00
05/17/2023 06:15:00 AM,23825,18024,5450,65534,65534,2134,5506,65534,65534,65534,65534,12437,2100,8191,10032,5491,UTC-04:00
05/17/2023 06:30:00 AM,23826,18023,5450,65534,65534,2136,5506,65534,65534,65534,65534,12455,2100,8185,10034,5483,UTC-04:00
05/17/2023 06:45:00 AM,23827,18024,5450,65534,65534,2136,5514,65534,65534,65534,65534,12472,2100,8183,10037,5477,UTC-04:00
05/17/2023 07:00:00 AM,23828,18023,5438,65534,65534,2139,5513,65534,65534,65534,65534,12440,2100,8179,10041,5465,UTC-04:00
05/17/2023 07:15:00 AM,23829,18023,5440,65534,65534,2138,5508,65534,65534,65534,65534,12450,2100,8178,10044,5465,UTC-04:00
05/17/2023 07:30:00 AM,23830,18022,5427,65534,65534,2139,5490,65534,65534,65534,65534,12464,2100,8174,10047,5454,UTC-04:00
05/17/2023 07:45:00 AM,23831,18020,5407,65534,65534,2137,5474,65534,65534,65534,65534,12472,2100,8168,10049,5436,UTC-04:00
05/17/2023 08:00:00 AM,23832,18020,5420,65534,65534,2139,5484,65534,65534,65534,65534,12454,2100,8169,10051,5435,UTC-04:00
05/17/2023 08:15:00 AM,23833,18021,5421,65534,65534,2140,5485,65534,65534,65534,65534,12479,2100,8164,10053,5428,UTC-04:00
05/17/2023 08:30:00 AM,23834,18024,5449,65534,65534,2142,5519,65534,65534,65534,65534,12456,2100,8165,10055,5433,UTC-04:00
05/17/2023 08:45:00 AM,23835,18026,5476,65534,65534,2141,5554,65534,65534,65534,65534,12455,2100,8162,10057,5453,UTC-04:00
05/17/2023 09:00:00 AM,23836,18025,5474,65534,65534,2141,5560,65534,65534,65534,65534,12462,2100,8162,10060,5463,UTC-04:00
05/17/2023 09:15:00 AM,23837,18030,5503,65534,65534,2138,5580,65534,65534,65534,65534,12449,2100,8163,10063,5478,UTC-04:00
05/17/2023 09:30:00 AM,23838,18041,5609,65534,65534,2137,5692,65534,65534,65534,65534,12472,2100,8165,10065,5533,UTC-04:00
05/17/2023 09:45:00 AM,23839,18043,5628,65534,65534,2136,5735,65534,65534,65534,65534,12478,2100,8168,10066,5567,UTC-04:00
05/17/2023 10:00:00 AM,23840,18046,5663,65534,65534,2133,5783,65534,65534,65534,65534,12484,2100,8171,10068,5596,UTC-04:00
05/17/2023 10:15:00 AM,23841,18054,5735,65534,65534,2132,5852,65534,65534,65534,65534,12459,2100,8172,10069,5642,UTC-04:00
05/17/2023 10:30:00 AM,23842,18053,5741,65534,65534,2131,5874,65534,65534,65534,65534,12491,2100,8178,10070,5663,UTC-04:00
05/17/2023 10:45:00 AM,23843,18062,5799,65534,65534,2128,5939,65534,65534,65534,65534,12487,2100,8184,10070,5713,UTC-04:00
05/17/2023 11:00:00 AM,23844,18054,5753,65534,65534,2129,5900,65534,65534,65534,65534,12492,2100,8185,10072,5702,UTC-04:00
05/17/2023 11:15:00 AM,23845,18054,5797,65534,65534,2108,6032,65534,65534,65534,65534,12500,2100,8189,10074,5731,UTC-04:00
05/17/2023 11:30:00 AM,23846,18067,5928,65534,65534,2048,6441,65534,65534,65534,65534,12508,2100,8181,10074,5851,UTC-04:00
05/17/2023 11:45:00 AM,23847,18073,5950,65534,65534,2047,6650,65534,65534,65534,65534,12537,2100,8187,10074,5912,UTC-04:00
05/17/2023 12:00:00 PM,23848,18085,5993,65534,65534,2090,6416,65534,65534,65534,65534,12530,2100,8193,10076,5917,UTC-04:00
05/17/2023 12:15:00 PM,23849,18085,6008,65534,65534,2114,6252,65534,65534,65534,65534,12520,2100,8201,10077,5900,UTC-04:00
05/17/2023 12:30:00 PM,23850,18099,6121,65534,65534,2165,6272,65534,65534,65534,65534,12551,2100,8206,10077,5926,UTC-04:00
05/17/2023 12:45:00 PM,23851,18105,6150,65534,65534,2201,6188,65534,65534,65534,65534,12538,2100,8223,10077,5956,UTC-04:00
05/17/2023 01:00:00 PM,23852,18095,6087,65534,65534,2108,6299,65534,65534,65534,65534,12528,2100,8254,10077,5988,UTC-04:00
05/17/2023 01:15:00 PM,23853,18114,6208,65534,65534,2060,6671,65534,65534,65534,65534,12569,2100,8279,10078,6071,UTC-04:00
05/17/2023 01:30:00 PM,23854,18130,6364,65534,65534,2074,6595,65534,65534,65534,65534,12630,2100,8309,10079,6142,UTC-04:00
05/17/2023 01:45:00 PM,23855,18140,6459,65534,65534,2068,6692,65534,65534,65534,65534,12611,2100,8335,10079,6164,UTC-04:00
05/17/2023 02:00:00 PM,23856,18134,6395,65534,65534,2066,6765,65534,65534,65534,65534,12654,2100,8353,10078,6201,UTC-04:00
05/17/2023 02:15:00 PM,23857,18144,6463,65534,65534,2072,6850,65534,65534,65534,65534,12620,2100,8374,10078,6243,UTC-04:00
